都道府県,性別,年齢区分,下限値,上限値,人数
北海道,男性,40～44歳,90.0,inf,24119
北海道,男性,40～44歳,85.0,90.0,14323
北海道,男性,40～44歳,0.0,85.0,43704
青森県,男性,40～44歳,90.0,inf,6835
青森県,男性,40～44歳,85.0,90.0,3819
青森県,男性,40～44歳,0.0,85.0,11079
岩手県,男性,40～44歳,90.0,inf,6629
岩手県,男性,40～44歳,85.0,90.0,4122
岩手県,男性,40～44歳,0.0,85.0,13244
宮城県,男性,40～44歳,90.0,inf,14508
宮城県,男性,40～44歳,85.0,90.0,8604
宮城県,男性,40～44歳,0.0,85.0,25535
秋田県,男性,40～44歳,90.0,inf,5227
秋田県,男性,40～44歳,85.0,90.0,3133
秋田県,男性,40～44歳,0.0,85.0,8853
山形県,男性,40～44歳,90.0,inf,6168
山形県,男性,40～44歳,85.0,90.0,3902
山形県,男性,40～44歳,0.0,85.0,13511
福島県,男性,40～44歳,90.0,inf,10283
福島県,男性,40～44歳,85.0,90.0,6158
福島県,男性,40～44歳,0.0,85.0,18656
茨城県,男性,40～44歳,90.0,inf,16956
茨城県,男性,40～44歳,85.0,90.0,9951
茨城県,男性,40～44歳,0.0,85.0,30002
栃木県,男性,40～44歳,90.0,inf,12249
栃木県,男性,40～44歳,85.0,90.0,7333
栃木県,男性,40～44歳,0.0,85.0,21698
群馬県,男性,40～44歳,90.0,inf,10754
群馬県,男性,40～44歳,85.0,90.0,6512
群馬県,男性,40～44歳,0.0,85.0,20333
埼玉県,男性,40～44歳,90.0,inf,41403
埼玉県,男性,40～44歳,85.0,90.0,26618
埼玉県,男性,40～44歳,0.0,85.0,79480
千葉県,男性,40～44歳,90.0,inf,35788
千葉県,男性,40～44歳,85.0,90.0,21686
千葉県,男性,40～44歳,0.0,85.0,63898
東京都,男性,40～44歳,90.0,inf,85269
東京都,男性,40～44歳,85.0,90.0,57758
東京都,男性,40～44歳,0.0,85.0,178633
神奈川県,男性,40～44歳,90.0,inf,51435
神奈川県,男性,40～44歳,85.0,90.0,34322
神奈川県,男性,40～44歳,0.0,85.0,105943
新潟県,男性,40～44歳,90.0,inf,11084
新潟県,男性,40～44歳,85.0,90.0,7457
新潟県,男性,40～44歳,0.0,85.0,28375
富山県,男性,40～44歳,90.0,inf,5860
富山県,男性,40～44歳,85.0,90.0,3814
富山県,男性,40～44歳,0.0,85.0,12802
石川県,男性,40～44歳,90.0,inf,5957
石川県,男性,40～44歳,85.0,90.0,4007
石川県,男性,40～44歳,0.0,85.0,13036
福井県,男性,40～44歳,90.0,inf,4026
福井県,男性,40～44歳,85.0,90.0,2852
福井県,男性,40～44歳,0.0,85.0,8897
山梨県,男性,40～44歳,90.0,inf,4351
山梨県,男性,40～44歳,85.0,90.0,2688
山梨県,男性,40～44歳,0.0,85.0,8681
長野県,男性,40～44歳,90.0,inf,10051
長野県,男性,40～44歳,85.0,90.0,6980
長野県,男性,40～44歳,0.0,85.0,24627
岐阜県,男性,40～44歳,90.0,inf,9265
岐阜県,男性,40～44歳,85.0,90.0,6371
岐阜県,男性,40～44歳,0.0,85.0,23751
静岡県,男性,40～44歳,90.0,inf,18895
静岡県,男性,40～44歳,85.0,90.0,12700
静岡県,男性,40～44歳,0.0,85.0,44815
愛知県,男性,40～44歳,90.0,inf,42806
愛知県,男性,40～44歳,85.0,90.0,28482
愛知県,男性,40～44歳,0.0,85.0,98855
三重県,男性,40～44歳,90.0,inf,8894
三重県,男性,40～44歳,85.0,90.0,5822
三重県,男性,40～44歳,0.0,85.0,20160
滋賀県,男性,40～44歳,90.0,inf,7282
滋賀県,男性,40～44歳,85.0,90.0,5129
滋賀県,男性,40～44歳,0.0,85.0,17711
京都府,男性,40～44歳,90.0,inf,10612
京都府,男性,40～44歳,85.0,90.0,7670
京都府,男性,40～44歳,0.0,85.0,26401
大阪府,男性,40～44歳,90.0,inf,41589
大阪府,男性,40～44歳,85.0,90.0,27333
大阪府,男性,40～44歳,0.0,85.0,82962
兵庫県,男性,40～44歳,90.0,inf,24900
兵庫県,男性,40～44歳,85.0,90.0,17444
兵庫県,男性,40～44歳,0.0,85.0,55565
奈良県,男性,40～44歳,90.0,inf,5615
奈良県,男性,40～44歳,85.0,90.0,3606
奈良県,男性,40～44歳,0.0,85.0,11340
和歌山県,男性,40～44歳,90.0,inf,4292
和歌山県,男性,40～44歳,85.0,90.0,2604
和歌山県,男性,40～44歳,0.0,85.0,7604
鳥取県,男性,40～44歳,90.0,inf,2444
鳥取県,男性,40～44歳,85.0,90.0,1704
鳥取県,男性,40～44歳,0.0,85.0,5900
島根県,男性,40～44歳,90.0,inf,3089
島根県,男性,40～44歳,85.0,90.0,2164
島根県,男性,40～44歳,0.0,85.0,7601
岡山県,男性,40～44歳,90.0,inf,8895
岡山県,男性,40～44歳,85.0,90.0,6018
岡山県,男性,40～44歳,0.0,85.0,20283
広島県,男性,40～44歳,90.0,inf,13494
広島県,男性,40～44歳,85.0,90.0,9404
広島県,男性,40～44歳,0.0,85.0,30343
山口県,男性,40～44歳,90.0,inf,5609
山口県,男性,40～44歳,85.0,90.0,3851
山口県,男性,40～44歳,0.0,85.0,13489
徳島県,男性,40～44歳,90.0,inf,3623
徳島県,男性,40～44歳,85.0,90.0,2218
徳島県,男性,40～44歳,0.0,85.0,6930
香川県,男性,40～44歳,90.0,inf,4799
香川県,男性,40～44歳,85.0,90.0,3083
香川県,男性,40～44歳,0.0,85.0,10090
愛媛県,男性,40～44歳,90.0,inf,6369
愛媛県,男性,40～44歳,85.0,90.0,4246
愛媛県,男性,40～44歳,0.0,85.0,13730
高知県,男性,40～44歳,90.0,inf,3265
高知県,男性,40～44歳,85.0,90.0,2056
高知県,男性,40～44歳,0.0,85.0,6707
福岡県,男性,40～44歳,90.0,inf,26338
福岡県,男性,40～44歳,85.0,90.0,17444
福岡県,男性,40～44歳,0.0,85.0,51492
佐賀県,男性,40～44歳,90.0,inf,4199
佐賀県,男性,40～44歳,85.0,90.0,2720
佐賀県,男性,40～44歳,0.0,85.0,7653
長崎県,男性,40～44歳,90.0,inf,5780
長崎県,男性,40～44歳,85.0,90.0,3671
長崎県,男性,40～44歳,0.0,85.0,10717
熊本県,男性,40～44歳,90.0,inf,9641
熊本県,男性,40～44歳,85.0,90.0,5680
熊本県,男性,40～44歳,0.0,85.0,16150
大分県,男性,40～44歳,90.0,inf,5859
大分県,男性,40～44歳,85.0,90.0,3699
大分県,男性,40～44歳,0.0,85.0,11792
宮崎県,男性,40～44歳,90.0,inf,5405
宮崎県,男性,40～44歳,85.0,90.0,3452
宮崎県,男性,40～44歳,0.0,85.0,9886
鹿児島県,男性,40～44歳,90.0,inf,7883
鹿児島県,男性,40～44歳,85.0,90.0,4774
鹿児島県,男性,40～44歳,0.0,85.0,13403
沖縄県,男性,40～44歳,90.0,inf,8528
沖縄県,男性,40～44歳,85.0,90.0,4628
沖縄県,男性,40～44歳,0.0,85.0,11409
北海道,男性,45～49歳,90.0,inf,32780
北海道,男性,45～49歳,85.0,90.0,18904
北海道,男性,45～49歳,0.0,85.0,49984
青森県,男性,45～49歳,90.0,inf,8576
青森県,男性,45～49歳,85.0,90.0,4838
青森県,男性,45～49歳,0.0,85.0,12365
岩手県,男性,45～49歳,90.0,inf,8532
岩手県,男性,45～49歳,85.0,90.0,5159
岩手県,男性,45～49歳,0.0,85.0,14051
宮城県,男性,45～49歳,90.0,inf,17952
宮城県,男性,45～49歳,85.0,90.0,10463
宮城県,男性,45～49歳,0.0,85.0,27547
秋田県,男性,45～49歳,90.0,inf,6638
秋田県,男性,45～49歳,85.0,90.0,3837
秋田県,男性,45～49歳,0.0,85.0,9248
山形県,男性,45～49歳,90.0,inf,7314
山形県,男性,45～49歳,85.0,90.0,4613
山形県,男性,45～49歳,0.0,85.0,13811
福島県,男性,45～49歳,90.0,inf,12802
福島県,男性,45～49歳,85.0,90.0,7594
福島県,男性,45～49歳,0.0,85.0,20112
茨城県,男性,45～49歳,90.0,inf,21876
茨城県,男性,45～49歳,85.0,90.0,12896
茨城県,男性,45～49歳,0.0,85.0,33859
栃木県,男性,45～49歳,90.0,inf,15620
栃木県,男性,45～49歳,85.0,90.0,9155
栃木県,男性,45～49歳,0.0,85.0,24106
群馬県,男性,45～49歳,90.0,inf,13994
群馬県,男性,45～49歳,85.0,90.0,8471
群馬県,男性,45～49歳,0.0,85.0,23535
埼玉県,男性,45～49歳,90.0,inf,55982
埼玉県,男性,45～49歳,85.0,90.0,34263
埼玉県,男性,45～49歳,0.0,85.0,90267
千葉県,男性,45～49歳,90.0,inf,47508
千葉県,男性,45～49歳,85.0,90.0,28211
千葉県,男性,45～49歳,0.0,85.0,73102
東京都,男性,45～49歳,90.0,inf,107339
東京都,男性,45～49歳,85.0,90.0,69130
東京都,男性,45～49歳,0.0,85.0,186997
神奈川県,男性,45～49歳,90.0,inf,70099
神奈川県,男性,45～49歳,85.0,90.0,44226
神奈川県,男性,45～49歳,0.0,85.0,119064
新潟県,男性,45～49歳,90.0,inf,14261
新潟県,男性,45～49歳,85.0,90.0,9516
新潟県,男性,45～49歳,0.0,85.0,31451
富山県,男性,45～49歳,90.0,inf,8568
富山県,男性,45～49歳,85.0,90.0,5330
富山県,男性,45～49歳,0.0,85.0,14900
石川県,男性,45～49歳,90.0,inf,8647
石川県,男性,45～49歳,85.0,90.0,5585
石川県,男性,45～49歳,0.0,85.0,15136
福井県,男性,45～49歳,90.0,inf,5500
福井県,男性,45～49歳,85.0,90.0,3564
福井県,男性,45～49歳,0.0,85.0,9575
山梨県,男性,45～49歳,90.0,inf,5652
山梨県,男性,45～49歳,85.0,90.0,3403
山梨県,男性,45～49歳,0.0,85.0,9942
長野県,男性,45～49歳,90.0,inf,13598
長野県,男性,45～49歳,85.0,90.0,9197
長野県,男性,45～49歳,0.0,85.0,28291
岐阜県,男性,45～49歳,90.0,inf,12860
岐阜県,男性,45～49歳,85.0,90.0,8563
岐阜県,男性,45～49歳,0.0,85.0,27591
静岡県,男性,45～49歳,90.0,inf,26375
静岡県,男性,45～49歳,85.0,90.0,16575
静岡県,男性,45～49歳,0.0,85.0,49577
愛知県,男性,45～49歳,90.0,inf,57522
愛知県,男性,45～49歳,85.0,90.0,36988
愛知県,男性,45～49歳,0.0,85.0,108438
三重県,男性,45～49歳,90.0,inf,12743
三重県,男性,45～49歳,85.0,90.0,8144
三重県,男性,45～49歳,0.0,85.0,23140
滋賀県,男性,45～49歳,90.0,inf,9678
滋賀県,男性,45～49歳,85.0,90.0,6598
滋賀県,男性,45～49歳,0.0,85.0,18698
京都府,男性,45～49歳,90.0,inf,15262
京都府,男性,45～49歳,85.0,90.0,10321
京都府,男性,45～49歳,0.0,85.0,30380
大阪府,男性,45～49歳,90.0,inf,58848
大阪府,男性,45～49歳,85.0,90.0,36746
大阪府,男性,45～49歳,0.0,85.0,95823
兵庫県,男性,45～49歳,90.0,inf,35625
兵庫県,男性,45～49歳,85.0,90.0,23477
兵庫県,男性,45～49歳,0.0,85.0,63664
奈良県,男性,45～49歳,90.0,inf,8003
奈良県,男性,45～49歳,85.0,90.0,5024
奈良県,男性,45～49歳,0.0,85.0,13572
和歌山県,男性,45～49歳,90.0,inf,5869
和歌山県,男性,45～49歳,85.0,90.0,3674
和歌山県,男性,45～49歳,0.0,85.0,9053
鳥取県,男性,45～49歳,90.0,inf,3096
鳥取県,男性,45～49歳,85.0,90.0,2219
鳥取県,男性,45～49歳,0.0,85.0,6199
島根県,男性,45～49歳,90.0,inf,3996
島根県,男性,45～49歳,85.0,90.0,2893
島根県,男性,45～49歳,0.0,85.0,8341
岡山県,男性,45～49歳,90.0,inf,12569
岡山県,男性,45～49歳,85.0,90.0,8072
岡山県,男性,45～49歳,0.0,85.0,22968
広島県,男性,45～49歳,90.0,inf,19023
広島県,男性,45～49歳,85.0,90.0,12637
広島県,男性,45～49歳,0.0,85.0,35249
山口県,男性,45～49歳,90.0,inf,8021
山口県,男性,45～49歳,85.0,90.0,5411
山口県,男性,45～49歳,0.0,85.0,15819
徳島県,男性,45～49歳,90.0,inf,4588
徳島県,男性,45～49歳,85.0,90.0,2932
徳島県,男性,45～49歳,0.0,85.0,7399
香川県,男性,45～49歳,90.0,inf,6633
香川県,男性,45～49歳,85.0,90.0,4210
香川県,男性,45～49歳,0.0,85.0,11604
愛媛県,男性,45～49歳,90.0,inf,8857
愛媛県,男性,45～49歳,85.0,90.0,5555
愛媛県,男性,45～49歳,0.0,85.0,15772
高知県,男性,45～49歳,90.0,inf,4491
高知県,男性,45～49歳,85.0,90.0,2701
高知県,男性,45～49歳,0.0,85.0,7623
福岡県,男性,45～49歳,90.0,inf,33906
福岡県,男性,45～49歳,85.0,90.0,21236
福岡県,男性,45～49歳,0.0,85.0,53669
佐賀県,男性,45～49歳,90.0,inf,5206
佐賀県,男性,45～49歳,85.0,90.0,3233
佐賀県,男性,45～49歳,0.0,85.0,7524
長崎県,男性,45～49歳,90.0,inf,7824
長崎県,男性,45～49歳,85.0,90.0,4688
長崎県,男性,45～49歳,0.0,85.0,11585
熊本県,男性,45～49歳,90.0,inf,11716
熊本県,男性,45～49歳,85.0,90.0,6705
熊本県,男性,45～49歳,0.0,85.0,16288
大分県,男性,45～49歳,90.0,inf,7672
大分県,男性,45～49歳,85.0,90.0,4571
大分県,男性,45～49歳,0.0,85.0,12901
宮崎県,男性,45～49歳,90.0,inf,6710
宮崎県,男性,45～49歳,85.0,90.0,4163
宮崎県,男性,45～49歳,0.0,85.0,10393
鹿児島県,男性,45～49歳,90.0,inf,9540
鹿児島県,男性,45～49歳,85.0,90.0,5621
鹿児島県,男性,45～49歳,0.0,85.0,13697
沖縄県,男性,45～49歳,90.0,inf,11156
沖縄県,男性,45～49歳,85.0,90.0,5739
沖縄県,男性,45～49歳,0.0,85.0,11694
北海道,男性,50～54歳,90.0,inf,32469
北海道,男性,50～54歳,85.0,90.0,18344
北海道,男性,50～54歳,0.0,85.0,43551
青森県,男性,50～54歳,90.0,inf,8130
青森県,男性,50～54歳,85.0,90.0,4847
青森県,男性,50～54歳,0.0,85.0,11688
岩手県,男性,50～54歳,90.0,inf,8353
岩手県,男性,50～54歳,85.0,90.0,5022
岩手県,男性,50～54歳,0.0,85.0,12400
宮城県,男性,50～54歳,90.0,inf,17432
宮城県,男性,50～54歳,85.0,90.0,10175
宮城県,男性,50～54歳,0.0,85.0,23471
秋田県,男性,50～54歳,90.0,inf,6420
秋田県,男性,50～54歳,85.0,90.0,3611
秋田県,男性,50～54歳,0.0,85.0,8198
山形県,男性,50～54歳,90.0,inf,7204
山形県,男性,50～54歳,85.0,90.0,4529
山形県,男性,50～54歳,0.0,85.0,11971
福島県,男性,50～54歳,90.0,inf,12478
福島県,男性,50～54歳,85.0,90.0,7080
福島県,男性,50～54歳,0.0,85.0,17554
茨城県,男性,50～54歳,90.0,inf,21833
茨城県,男性,50～54歳,85.0,90.0,12863
茨城県,男性,50～54歳,0.0,85.0,30221
栃木県,男性,50～54歳,90.0,inf,14990
栃木県,男性,50～54歳,85.0,90.0,8918
栃木県,男性,50～54歳,0.0,85.0,21024
群馬県,男性,50～54歳,90.0,inf,14244
群馬県,男性,50～54歳,85.0,90.0,8572
群馬県,男性,50～54歳,0.0,85.0,21281
埼玉県,男性,50～54歳,90.0,inf,57736
埼玉県,男性,50～54歳,85.0,90.0,34537
埼玉県,男性,50～54歳,0.0,85.0,82785
千葉県,男性,50～54歳,90.0,inf,49804
千葉県,男性,50～54歳,85.0,90.0,29060
千葉県,男性,50～54歳,0.0,85.0,67432
東京都,男性,50～54歳,90.0,inf,112845
東京都,男性,50～54歳,85.0,90.0,70392
東京都,男性,50～54歳,0.0,85.0,173251
神奈川県,男性,50～54歳,90.0,inf,76433
神奈川県,男性,50～54歳,85.0,90.0,46986
神奈川県,男性,50～54歳,0.0,85.0,114907
新潟県,男性,50～54歳,90.0,inf,14491
新潟県,男性,50～54歳,85.0,90.0,9192
新潟県,男性,50～54歳,0.0,85.0,28064
富山県,男性,50～54歳,90.0,inf,8612
富山県,男性,50～54歳,85.0,90.0,5133
富山県,男性,50～54歳,0.0,85.0,12821
石川県,男性,50～54歳,90.0,inf,8393
石川県,男性,50～54歳,85.0,90.0,5254
石川県,男性,50～54歳,0.0,85.0,12717
福井県,男性,50～54歳,90.0,inf,5731
福井県,男性,50～54歳,85.0,90.0,3370
福井県,男性,50～54歳,0.0,85.0,7993
山梨県,男性,50～54歳,90.0,inf,5864
山梨県,男性,50～54歳,85.0,90.0,3821
山梨県,男性,50～54歳,0.0,85.0,9656
長野県,男性,50～54歳,90.0,inf,14227
長野県,男性,50～54歳,85.0,90.0,9303
長野県,男性,50～54歳,0.0,85.0,25651
岐阜県,男性,50～54歳,90.0,inf,13258
岐阜県,男性,50～54歳,85.0,90.0,8678
岐阜県,男性,50～54歳,0.0,85.0,24633
静岡県,男性,50～54歳,90.0,inf,27289
静岡県,男性,50～54歳,85.0,90.0,16933
静岡県,男性,50～54歳,0.0,85.0,45352
愛知県,男性,50～54歳,90.0,inf,60434
愛知県,男性,50～54歳,85.0,90.0,37661
愛知県,男性,50～54歳,0.0,85.0,98509
三重県,男性,50～54歳,90.0,inf,13216
三重県,男性,50～54歳,85.0,90.0,8175
三重県,男性,50～54歳,0.0,85.0,21314
滋賀県,男性,50～54歳,90.0,inf,9826
滋賀県,男性,50～54歳,85.0,90.0,6248
滋賀県,男性,50～54歳,0.0,85.0,15882
京都府,男性,50～54歳,90.0,inf,16079
京都府,男性,50～54歳,85.0,90.0,10413
京都府,男性,50～54歳,0.0,85.0,26956
大阪府,男性,50～54歳,90.0,inf,63186
大阪府,男性,50～54歳,85.0,90.0,38651
大阪府,男性,50～54歳,0.0,85.0,89501
兵庫県,男性,50～54歳,90.0,inf,38065
兵庫県,男性,50～54歳,85.0,90.0,24196
兵庫県,男性,50～54歳,0.0,85.0,58186
奈良県,男性,50～54歳,90.0,inf,8883
奈良県,男性,50～54歳,85.0,90.0,5237
奈良県,男性,50～54歳,0.0,85.0,12629
和歌山県,男性,50～54歳,90.0,inf,6046
和歌山県,男性,50～54歳,85.0,90.0,3685
和歌山県,男性,50～54歳,0.0,85.0,8031
鳥取県,男性,50～54歳,90.0,inf,3061
鳥取県,男性,50～54歳,85.0,90.0,2021
鳥取県,男性,50～54歳,0.0,85.0,5162
島根県,男性,50～54歳,90.0,inf,3923
島根県,男性,50～54歳,85.0,90.0,2633
島根県,男性,50～54歳,0.0,85.0,6844
岡山県,男性,50～54歳,90.0,inf,12580
岡山県,男性,50～54歳,85.0,90.0,7637
岡山県,男性,50～54歳,0.0,85.0,19077
広島県,男性,50～54歳,90.0,inf,19517
広島県,男性,50～54歳,85.0,90.0,12493
広島県,男性,50～54歳,0.0,85.0,30298
山口県,男性,50～54歳,90.0,inf,8039
山口県,男性,50～54歳,85.0,90.0,5088
山口県,男性,50～54歳,0.0,85.0,13250
徳島県,男性,50～54歳,90.0,inf,4540
徳島県,男性,50～54歳,85.0,90.0,2694
徳島県,男性,50～54歳,0.0,85.0,6384
香川県,男性,50～54歳,90.0,inf,6436
香川県,男性,50～54歳,85.0,90.0,3933
香川県,男性,50～54歳,0.0,85.0,9706
愛媛県,男性,50～54歳,90.0,inf,8593
愛媛県,男性,50～54歳,85.0,90.0,5165
愛媛県,男性,50～54歳,0.0,85.0,13207
高知県,男性,50～54歳,90.0,inf,4214
高知県,男性,50～54歳,85.0,90.0,2595
高知県,男性,50～54歳,0.0,85.0,6182
福岡県,男性,50～54歳,90.0,inf,32721
福岡県,男性,50～54歳,85.0,90.0,19923
福岡県,男性,50～54歳,0.0,85.0,45007
佐賀県,男性,50～54歳,90.0,inf,5115
佐賀県,男性,50～54歳,85.0,90.0,2987
佐賀県,男性,50～54歳,0.0,85.0,6277
長崎県,男性,50～54歳,90.0,inf,7824
長崎県,男性,50～54歳,85.0,90.0,4811
長崎県,男性,50～54歳,0.0,85.0,10525
熊本県,男性,50～54歳,90.0,inf,11094
熊本県,男性,50～54歳,85.0,90.0,6398
熊本県,男性,50～54歳,0.0,85.0,13635
大分県,男性,50～54歳,90.0,inf,7076
大分県,男性,50～54歳,85.0,90.0,4330
大分県,男性,50～54歳,0.0,85.0,10758
宮崎県,男性,50～54歳,90.0,inf,6178
宮崎県,男性,50～54歳,85.0,90.0,3892
宮崎県,男性,50～54歳,0.0,85.0,8769
鹿児島県,男性,50～54歳,90.0,inf,9329
鹿児島県,男性,50～54歳,85.0,90.0,5468
鹿児島県,男性,50～54歳,0.0,85.0,11959
沖縄県,男性,50～54歳,90.0,inf,10530
沖縄県,男性,50～54歳,85.0,90.0,5238
沖縄県,男性,50～54歳,0.0,85.0,9545
北海道,男性,55～59歳,90.0,inf,28671
北海道,男性,55～59歳,85.0,90.0,17007
北海道,男性,55～59歳,0.0,85.0,38472
青森県,男性,55～59歳,90.0,inf,7273
青森県,男性,55～59歳,85.0,90.0,4749
青森県,男性,55～59歳,0.0,85.0,11146
岩手県,男性,55～59歳,90.0,inf,7625
岩手県,男性,55～59歳,85.0,90.0,4952
岩手県,男性,55～59歳,0.0,85.0,11575
宮城県,男性,55～59歳,90.0,inf,15166
宮城県,男性,55～59歳,85.0,90.0,9234
宮城県,男性,55～59歳,0.0,85.0,19507
秋田県,男性,55～59歳,90.0,inf,6155
秋田県,男性,55～59歳,85.0,90.0,3869
秋田県,男性,55～59歳,0.0,85.0,8064
山形県,男性,55～59歳,90.0,inf,6618
山形県,男性,55～59歳,85.0,90.0,4423
山形県,男性,55～59歳,0.0,85.0,11380
福島県,男性,55～59歳,90.0,inf,11507
福島県,男性,55～59歳,85.0,90.0,7233
福島県,男性,55～59歳,0.0,85.0,16200
茨城県,男性,55～59歳,90.0,inf,18042
茨城県,男性,55～59歳,85.0,90.0,11053
茨城県,男性,55～59歳,0.0,85.0,24551
栃木県,男性,55～59歳,90.0,inf,12390
栃木県,男性,55～59歳,85.0,90.0,7700
栃木県,男性,55～59歳,0.0,85.0,17361
群馬県,男性,55～59歳,90.0,inf,11684
群馬県,男性,55～59歳,85.0,90.0,7444
群馬県,男性,55～59歳,0.0,85.0,17628
埼玉県,男性,55～59歳,90.0,inf,45781
埼玉県,男性,55～59歳,85.0,90.0,28248
埼玉県,男性,55～59歳,0.0,85.0,64249
千葉県,男性,55～59歳,90.0,inf,39304
千葉県,男性,55～59歳,85.0,90.0,23783
千葉県,男性,55～59歳,0.0,85.0,51876
東京都,男性,55～59歳,90.0,inf,92892
東京都,男性,55～59歳,85.0,90.0,59550
東京都,男性,55～59歳,0.0,85.0,136721
神奈川県,男性,55～59歳,90.0,inf,63058
神奈川県,男性,55～59歳,85.0,90.0,39677
神奈川県,男性,55～59歳,0.0,85.0,91486
新潟県,男性,55～59歳,90.0,inf,13003
新潟県,男性,55～59歳,85.0,90.0,8795
新潟県,男性,55～59歳,0.0,85.0,24142
富山県,男性,55～59歳,90.0,inf,6986
富山県,男性,55～59歳,85.0,90.0,4318
富山県,男性,55～59歳,0.0,85.0,10081
石川県,男性,55～59歳,90.0,inf,7010
石川県,男性,55～59歳,85.0,90.0,4499
石川県,男性,55～59歳,0.0,85.0,9975
福井県,男性,55～59歳,90.0,inf,4972
福井県,男性,55～59歳,85.0,90.0,3118
福井県,男性,55～59歳,0.0,85.0,6729
山梨県,男性,55～59歳,90.0,inf,5104
山梨県,男性,55～59歳,85.0,90.0,3552
山梨県,男性,55～59歳,0.0,85.0,8655
長野県,男性,55～59歳,90.0,inf,12404
長野県,男性,55～59歳,85.0,90.0,8539
長野県,男性,55～59歳,0.0,85.0,21043
岐阜県,男性,55～59歳,90.0,inf,11123
岐阜県,男性,55～59歳,85.0,90.0,7618
岐阜県,男性,55～59歳,0.0,85.0,20199
静岡県,男性,55～59歳,90.0,inf,22664
静岡県,男性,55～59歳,85.0,90.0,15077
静岡県,男性,55～59歳,0.0,85.0,37361
愛知県,男性,55～59歳,90.0,inf,48613
愛知県,男性,55～59歳,85.0,90.0,31462
愛知県,男性,55～59歳,0.0,85.0,75884
三重県,男性,55～59歳,90.0,inf,11409
三重県,男性,55～59歳,85.0,90.0,7257
三重県,男性,55～59歳,0.0,85.0,17427
滋賀県,男性,55～59歳,90.0,inf,8517
滋賀県,男性,55～59歳,85.0,90.0,5427
滋賀県,男性,55～59歳,0.0,85.0,12519
京都府,男性,55～59歳,90.0,inf,13556
京都府,男性,55～59歳,85.0,90.0,8904
京都府,男性,55～59歳,0.0,85.0,20988
大阪府,男性,55～59歳,90.0,inf,50713
大阪府,男性,55～59歳,85.0,90.0,31171
大阪府,男性,55～59歳,0.0,85.0,66997
兵庫県,男性,55～59歳,90.0,inf,32599
兵庫県,男性,55～59歳,85.0,90.0,20811
兵庫県,男性,55～59歳,0.0,85.0,45095
奈良県,男性,55～59歳,90.0,inf,7743
奈良県,男性,55～59歳,85.0,90.0,4760
奈良県,男性,55～59歳,0.0,85.0,10050
和歌山県,男性,55～59歳,90.0,inf,5539
和歌山県,男性,55～59歳,85.0,90.0,3386
和歌山県,男性,55～59歳,0.0,85.0,6552
鳥取県,男性,55～59歳,90.0,inf,2853
鳥取県,男性,55～59歳,85.0,90.0,1955
鳥取県,男性,55～59歳,0.0,85.0,4535
島根県,男性,55～59歳,90.0,inf,3620
島根県,男性,55～59歳,85.0,90.0,2486
島根県,男性,55～59歳,0.0,85.0,5876
岡山県,男性,55～59歳,90.0,inf,10309
岡山県,男性,55～59歳,85.0,90.0,6532
岡山県,男性,55～59歳,0.0,85.0,15216
広島県,男性,55～59歳,90.0,inf,16211
広島県,男性,55～59歳,85.0,90.0,10651
広島県,男性,55～59歳,0.0,85.0,23528
山口県,男性,55～59歳,90.0,inf,6705
山口県,男性,55～59歳,85.0,90.0,4602
山口県,男性,55～59歳,0.0,85.0,10588
徳島県,男性,55～59歳,90.0,inf,4022
徳島県,男性,55～59歳,85.0,90.0,2451
徳島県,男性,55～59歳,0.0,85.0,5573
香川県,男性,55～59歳,90.0,inf,5430
香川県,男性,55～59歳,85.0,90.0,3365
香川県,男性,55～59歳,0.0,85.0,7827
愛媛県,男性,55～59歳,90.0,inf,7567
愛媛県,男性,55～59歳,85.0,90.0,4737
愛媛県,男性,55～59歳,0.0,85.0,11185
高知県,男性,55～59歳,90.0,inf,3829
高知県,男性,55～59歳,85.0,90.0,2252
高知県,男性,55～59歳,0.0,85.0,5184
福岡県,男性,55～59歳,90.0,inf,26439
福岡県,男性,55～59歳,85.0,90.0,17051
福岡県,男性,55～59歳,0.0,85.0,36818
佐賀県,男性,55～59歳,90.0,inf,4663
佐賀県,男性,55～59歳,85.0,90.0,2948
佐賀県,男性,55～59歳,0.0,85.0,6023
長崎県,男性,55～59歳,90.0,inf,7295
長崎県,男性,55～59歳,85.0,90.0,4656
長崎県,男性,55～59歳,0.0,85.0,9692
熊本県,男性,55～59歳,90.0,inf,10342
熊本県,男性,55～59歳,85.0,90.0,6349
熊本県,男性,55～59歳,0.0,85.0,13099
大分県,男性,55～59歳,90.0,inf,6306
大分県,男性,55～59歳,85.0,90.0,3994
大分県,男性,55～59歳,0.0,85.0,9497
宮崎県,男性,55～59歳,90.0,inf,5523
宮崎県,男性,55～59歳,85.0,90.0,3800
宮崎県,男性,55～59歳,0.0,85.0,8081
鹿児島県,男性,55～59歳,90.0,inf,8897
鹿児島県,男性,55～59歳,85.0,90.0,5558
鹿児島県,男性,55～59歳,0.0,85.0,11964
沖縄県,男性,55～59歳,90.0,inf,8792
沖縄県,男性,55～59歳,85.0,90.0,4621
沖縄県,男性,55～59歳,0.0,85.0,7942
北海道,男性,60～64歳,90.0,inf,24870
北海道,男性,60～64歳,85.0,90.0,15955
北海道,男性,60～64歳,0.0,85.0,33947
青森県,男性,60～64歳,90.0,inf,6519
青森県,男性,60～64歳,85.0,90.0,4559
青森県,男性,60～64歳,0.0,85.0,10745
岩手県,男性,60～64歳,90.0,inf,6968
岩手県,男性,60～64歳,85.0,90.0,4777
岩手県,男性,60～64歳,0.0,85.0,11033
宮城県,男性,60～64歳,90.0,inf,13802
宮城県,男性,60～64歳,85.0,90.0,8613
宮城県,男性,60～64歳,0.0,85.0,17531
秋田県,男性,60～64歳,90.0,inf,5818
秋田県,男性,60～64歳,85.0,90.0,3897
秋田県,男性,60～64歳,0.0,85.0,8322
山形県,男性,60～64歳,90.0,inf,6250
山形県,男性,60～64歳,85.0,90.0,4545
山形県,男性,60～64歳,0.0,85.0,11704
福島県,男性,60～64歳,90.0,inf,10865
福島県,男性,60～64歳,85.0,90.0,7189
福島県,男性,60～64歳,0.0,85.0,15421
茨城県,男性,60～64歳,90.0,inf,15076
茨城県,男性,60～64歳,85.0,90.0,9892
茨城県,男性,60～64歳,0.0,85.0,20307
栃木県,男性,60～64歳,90.0,inf,10372
栃木県,男性,60～64歳,85.0,90.0,7058
栃木県,男性,60～64歳,0.0,85.0,15228
群馬県,男性,60～64歳,90.0,inf,9752
群馬県,男性,60～64歳,85.0,90.0,6706
群馬県,男性,60～64歳,0.0,85.0,14861
埼玉県,男性,60～64歳,90.0,inf,34954
埼玉県,男性,60～64歳,85.0,90.0,23231
埼玉県,男性,60～64歳,0.0,85.0,49266
千葉県,男性,60～64歳,90.0,inf,30762
千葉県,男性,60～64歳,85.0,90.0,19400
千葉県,男性,60～64歳,0.0,85.0,39130
東京都,男性,60～64歳,90.0,inf,67469
東京都,男性,60～64歳,85.0,90.0,43947
東京都,男性,60～64歳,0.0,85.0,93956
神奈川県,男性,60～64歳,90.0,inf,44442
神奈川県,男性,60～64歳,85.0,90.0,29342
神奈川県,男性,60～64歳,0.0,85.0,62978
新潟県,男性,60～64歳,90.0,inf,11491
新潟県,男性,60～64歳,85.0,90.0,8332
新潟県,男性,60～64歳,0.0,85.0,21735
富山県,男性,60～64歳,90.0,inf,6063
富山県,男性,60～64歳,85.0,90.0,3752
富山県,男性,60～64歳,0.0,85.0,8243
石川県,男性,60～64歳,90.0,inf,5988
石川県,男性,60～64歳,85.0,90.0,3988
石川県,男性,60～64歳,0.0,85.0,8249
福井県,男性,60～64歳,90.0,inf,4348
福井県,男性,60～64歳,85.0,90.0,2885
福井県,男性,60～64歳,0.0,85.0,5699
山梨県,男性,60～64歳,90.0,inf,4326
山梨県,男性,60～64歳,85.0,90.0,3214
山梨県,男性,60～64歳,0.0,85.0,7337
長野県,男性,60～64歳,90.0,inf,10470
長野県,男性,60～64歳,85.0,90.0,7485
長野県,男性,60～64歳,0.0,85.0,17763
岐阜県,男性,60～64歳,90.0,inf,9331
岐阜県,男性,60～64歳,85.0,90.0,6845
岐阜県,男性,60～64歳,0.0,85.0,17004
静岡県,男性,60～64歳,90.0,inf,18078
静岡県,男性,60～64歳,85.0,90.0,13151
静岡県,男性,60～64歳,0.0,85.0,31796
愛知県,男性,60～64歳,90.0,inf,35778
愛知県,男性,60～64歳,85.0,90.0,24417
愛知県,男性,60～64歳,0.0,85.0,55247
三重県,男性,60～64歳,90.0,inf,9301
三重県,男性,60～64歳,85.0,90.0,6265
三重県,男性,60～64歳,0.0,85.0,14113
滋賀県,男性,60～64歳,90.0,inf,7020
滋賀県,男性,60～64歳,85.0,90.0,4862
滋賀県,男性,60～64歳,0.0,85.0,10233
京都府,男性,60～64歳,90.0,inf,11105
京都府,男性,60～64歳,85.0,90.0,7694
京都府,男性,60～64歳,0.0,85.0,16482
大阪府,男性,60～64歳,90.0,inf,37579
大阪府,男性,60～64歳,85.0,90.0,23793
大阪府,男性,60～64歳,0.0,85.0,48456
兵庫県,男性,60～64歳,90.0,inf,26657
兵庫県,男性,60～64歳,85.0,90.0,17446
兵庫県,男性,60～64歳,0.0,85.0,35960
奈良県,男性,60～64歳,90.0,inf,6287
奈良県,男性,60～64歳,85.0,90.0,4181
奈良県,男性,60～64歳,0.0,85.0,8253
和歌山県,男性,60～64歳,90.0,inf,4997
和歌山県,男性,60～64歳,85.0,90.0,3179
和歌山県,男性,60～64歳,0.0,85.0,5854
鳥取県,男性,60～64歳,90.0,inf,2714
鳥取県,男性,60～64歳,85.0,90.0,1891
鳥取県,男性,60～64歳,0.0,85.0,4194
島根県,男性,60～64歳,90.0,inf,3489
島根県,男性,60～64歳,85.0,90.0,2601
島根県,男性,60～64歳,0.0,85.0,5897
岡山県,男性,60～64歳,90.0,inf,8763
岡山県,男性,60～64歳,85.0,90.0,5845
岡山県,男性,60～64歳,0.0,85.0,13141
広島県,男性,60～64歳,90.0,inf,13350
広島県,男性,60～64歳,85.0,90.0,9192
広島県,男性,60～64歳,0.0,85.0,19343
山口県,男性,60～64歳,90.0,inf,6038
山口県,男性,60～64歳,85.0,90.0,4243
山口県,男性,60～64歳,0.0,85.0,9713
徳島県,男性,60～64歳,90.0,inf,3649
徳島県,男性,60～64歳,85.0,90.0,2418
徳島県,男性,60～64歳,0.0,85.0,5064
香川県,男性,60～64歳,90.0,inf,4900
香川県,男性,60～64歳,85.0,90.0,3281
香川県,男性,60～64歳,0.0,85.0,6744
愛媛県,男性,60～64歳,90.0,inf,6535
愛媛県,男性,60～64歳,85.0,90.0,4405
愛媛県,男性,60～64歳,0.0,85.0,9972
高知県,男性,60～64歳,90.0,inf,3391
高知県,男性,60～64歳,85.0,90.0,2253
高知県,男性,60～64歳,0.0,85.0,4756
福岡県,男性,60～64歳,90.0,inf,23088
福岡県,男性,60～64歳,85.0,90.0,15707
福岡県,男性,60～64歳,0.0,85.0,31794
佐賀県,男性,60～64歳,90.0,inf,4236
佐賀県,男性,60～64歳,85.0,90.0,2906
佐賀県,男性,60～64歳,0.0,85.0,5725
長崎県,男性,60～64歳,90.0,inf,6944
長崎県,男性,60～64歳,85.0,90.0,4552
長崎県,男性,60～64歳,0.0,85.0,9443
熊本県,男性,60～64歳,90.0,inf,9349
熊本県,男性,60～64歳,85.0,90.0,6410
熊本県,男性,60～64歳,0.0,85.0,12423
大分県,男性,60～64歳,90.0,inf,5713
大分県,男性,60～64歳,85.0,90.0,4121
大分県,男性,60～64歳,0.0,85.0,9317
宮崎県,男性,60～64歳,90.0,inf,5436
宮崎県,男性,60～64歳,85.0,90.0,3684
宮崎県,男性,60～64歳,0.0,85.0,7890
鹿児島県,男性,60～64歳,90.0,inf,8666
鹿児島県,男性,60～64歳,85.0,90.0,5956
鹿児島県,男性,60～64歳,0.0,85.0,12260
沖縄県,男性,60～64歳,90.0,inf,7781
沖縄県,男性,60～64歳,85.0,90.0,4211
沖縄県,男性,60～64歳,0.0,85.0,6776
北海道,男性,65～69歳,90.0,inf,18740
北海道,男性,65～69歳,85.0,90.0,12198
北海道,男性,65～69歳,0.0,85.0,24319
青森県,男性,65～69歳,90.0,inf,5411
青森県,男性,65～69歳,85.0,90.0,3873
青森県,男性,65～69歳,0.0,85.0,8500
岩手県,男性,65～69歳,90.0,inf,6277
岩手県,男性,65～69歳,85.0,90.0,4575
岩手県,男性,65～69歳,0.0,85.0,9542
宮城県,男性,65～69歳,90.0,inf,12866
宮城県,男性,65～69歳,85.0,90.0,8168
宮城県,男性,65～69歳,0.0,85.0,15304
秋田県,男性,65～69歳,90.0,inf,4976
秋田県,男性,65～69歳,85.0,90.0,3639
秋田県,男性,65～69歳,0.0,85.0,7360
山形県,男性,65～69歳,90.0,inf,5767
山形県,男性,65～69歳,85.0,90.0,4397
山形県,男性,65～69歳,0.0,85.0,11136
福島県,男性,65～69歳,90.0,inf,10300
福島県,男性,65～69歳,85.0,90.0,6913
福島県,男性,65～69歳,0.0,85.0,13339
茨城県,男性,65～69歳,90.0,inf,12721
茨城県,男性,65～69歳,85.0,90.0,8997
茨城県,男性,65～69歳,0.0,85.0,17531
栃木県,男性,65～69歳,90.0,inf,9058
栃木県,男性,65～69歳,85.0,90.0,6449
栃木県,男性,65～69歳,0.0,85.0,12650
群馬県,男性,65～69歳,90.0,inf,8789
群馬県,男性,65～69歳,85.0,90.0,6427
群馬県,男性,65～69歳,0.0,85.0,12527
埼玉県,男性,65～69歳,90.0,inf,29318
埼玉県,男性,65～69歳,85.0,90.0,20301
埼玉県,男性,65～69歳,0.0,85.0,39377
千葉県,男性,65～69歳,90.0,inf,25550
千葉県,男性,65～69歳,85.0,90.0,16822
千葉県,男性,65～69歳,0.0,85.0,31464
東京都,男性,65～69歳,90.0,inf,50372
東京都,男性,65～69歳,85.0,90.0,33296
東京都,男性,65～69歳,0.0,85.0,62282
神奈川県,男性,65～69歳,90.0,inf,30221
神奈川県,男性,65～69歳,85.0,90.0,20984
神奈川県,男性,65～69歳,0.0,85.0,40451
新潟県,男性,65～69歳,90.0,inf,10327
新潟県,男性,65～69歳,85.0,90.0,7955
新潟県,男性,65～69歳,0.0,85.0,18414
富山県,男性,65～69歳,90.0,inf,5148
富山県,男性,65～69歳,85.0,90.0,3438
富山県,男性,65～69歳,0.0,85.0,6476
石川県,男性,65～69歳,90.0,inf,5189
石川県,男性,65～69歳,85.0,90.0,3507
石川県,男性,65～69歳,0.0,85.0,6484
福井県,男性,65～69歳,90.0,inf,3519
福井県,男性,65～69歳,85.0,90.0,2357
福井県,男性,65～69歳,0.0,85.0,4256
山梨県,男性,65～69歳,90.0,inf,3893
山梨県,男性,65～69歳,85.0,90.0,3075
山梨県,男性,65～69歳,0.0,85.0,6484
長野県,男性,65～69歳,90.0,inf,9619
長野県,男性,65～69歳,85.0,90.0,7177
長野県,男性,65～69歳,0.0,85.0,14971
岐阜県,男性,65～69歳,90.0,inf,8111
岐阜県,男性,65～69歳,85.0,90.0,6331
岐阜県,男性,65～69歳,0.0,85.0,13819
静岡県,男性,65～69歳,90.0,inf,14629
静岡県,男性,65～69歳,85.0,90.0,10937
静岡県,男性,65～69歳,0.0,85.0,24179
愛知県,男性,65～69歳,90.0,inf,26924
愛知県,男性,65～69歳,85.0,90.0,19213
愛知県,男性,65～69歳,0.0,85.0,37653
三重県,男性,65～69歳,90.0,inf,8186
三重県,男性,65～69歳,85.0,90.0,5694
三重県,男性,65～69歳,0.0,85.0,10863
滋賀県,男性,65～69歳,90.0,inf,5877
滋賀県,男性,65～69歳,85.0,90.0,4107
滋賀県,男性,65～69歳,0.0,85.0,7977
京都府,男性,65～69歳,90.0,inf,8489
京都府,男性,65～69歳,85.0,90.0,6364
京都府,男性,65～69歳,0.0,85.0,12081
大阪府,男性,65～69歳,90.0,inf,27377
大阪府,男性,65～69歳,85.0,90.0,17932
大阪府,男性,65～69歳,0.0,85.0,33011
兵庫県,男性,65～69歳,90.0,inf,20924
兵庫県,男性,65～69歳,85.0,90.0,14696
兵庫県,男性,65～69歳,0.0,85.0,27237
奈良県,男性,65～69歳,90.0,inf,5154
奈良県,男性,65～69歳,85.0,90.0,3556
奈良県,男性,65～69歳,0.0,85.0,6580
和歌山県,男性,65～69歳,90.0,inf,4088
和歌山県,男性,65～69歳,85.0,90.0,2839
和歌山県,男性,65～69歳,0.0,85.0,4884
鳥取県,男性,65～69歳,90.0,inf,2407
鳥取県,男性,65～69歳,85.0,90.0,1759
鳥取県,男性,65～69歳,0.0,85.0,3435
島根県,男性,65～69歳,90.0,inf,3419
島根県,男性,65～69歳,85.0,90.0,2424
島根県,男性,65～69歳,0.0,85.0,5343
岡山県,男性,65～69歳,90.0,inf,7460
岡山県,男性,65～69歳,85.0,90.0,5212
岡山県,男性,65～69歳,0.0,85.0,10035
広島県,男性,65～69歳,90.0,inf,10379
広島県,男性,65～69歳,85.0,90.0,7213
広島県,男性,65～69歳,0.0,85.0,14023
山口県,男性,65～69歳,90.0,inf,5391
山口県,男性,65～69歳,85.0,90.0,3833
山口県,男性,65～69歳,0.0,85.0,7735
徳島県,男性,65～69歳,90.0,inf,3403
徳島県,男性,65～69歳,85.0,90.0,2365
徳島県,男性,65～69歳,0.0,85.0,4487
香川県,男性,65～69歳,90.0,inf,4523
香川県,男性,65～69歳,85.0,90.0,3029
香川県,男性,65～69歳,0.0,85.0,5695
愛媛県,男性,65～69歳,90.0,inf,5136
愛媛県,男性,65～69歳,85.0,90.0,3592
愛媛県,男性,65～69歳,0.0,85.0,7795
高知県,男性,65～69歳,90.0,inf,3247
高知県,男性,65～69歳,85.0,90.0,2134
高知県,男性,65～69歳,0.0,85.0,3962
福岡県,男性,65～69歳,90.0,inf,19589
福岡県,男性,65～69歳,85.0,90.0,13678
福岡県,男性,65～69歳,0.0,85.0,25143
佐賀県,男性,65～69歳,90.0,inf,4032
佐賀県,男性,65～69歳,85.0,90.0,2802
佐賀県,男性,65～69歳,0.0,85.0,5088
長崎県,男性,65～69歳,90.0,inf,6448
長崎県,男性,65～69歳,85.0,90.0,4535
長崎県,男性,65～69歳,0.0,85.0,8181
熊本県,男性,65～69歳,90.0,inf,8566
熊本県,男性,65～69歳,85.0,90.0,5871
熊本県,男性,65～69歳,0.0,85.0,10945
大分県,男性,65～69歳,90.0,inf,5271
大分県,男性,65～69歳,85.0,90.0,3816
大分県,男性,65～69歳,0.0,85.0,7927
宮崎県,男性,65～69歳,90.0,inf,4934
宮崎県,男性,65～69歳,85.0,90.0,3586
宮崎県,男性,65～69歳,0.0,85.0,6894
鹿児島県,男性,65～69歳,90.0,inf,8395
鹿児島県,男性,65～69歳,85.0,90.0,5869
鹿児島県,男性,65～69歳,0.0,85.0,11272
沖縄県,男性,65～69歳,90.0,inf,7088
沖縄県,男性,65～69歳,85.0,90.0,3806
沖縄県,男性,65～69歳,0.0,85.0,5609
北海道,男性,70～74歳,90.0,inf,16000
北海道,男性,70～74歳,85.0,90.0,11081
北海道,男性,70～74歳,0.0,85.0,21242
青森県,男性,70～74歳,90.0,inf,5120
青森県,男性,70～74歳,85.0,90.0,4042
青森県,男性,70～74歳,0.0,85.0,8860
岩手県,男性,70～74歳,90.0,inf,6517
岩手県,男性,70～74歳,85.0,90.0,4996
岩手県,男性,70～74歳,0.0,85.0,10079
宮城県,男性,70～74歳,90.0,inf,13791
宮城県,男性,70～74歳,85.0,90.0,9193
宮城県,男性,70～74歳,0.0,85.0,16152
秋田県,男性,70～74歳,90.0,inf,4796
秋田県,男性,70～74歳,85.0,90.0,3732
秋田県,男性,70～74歳,0.0,85.0,7542
山形県,男性,70～74歳,90.0,inf,5591
山形県,男性,70～74歳,85.0,90.0,4646
山形県,男性,70～74歳,0.0,85.0,11926
福島県,男性,70～74歳,90.0,inf,10407
福島県,男性,70～74歳,85.0,90.0,7580
福島県,男性,70～74歳,0.0,85.0,14176
茨城県,男性,70～74歳,90.0,inf,12060
茨城県,男性,70～74歳,85.0,90.0,9559
茨城県,男性,70～74歳,0.0,85.0,18803
栃木県,男性,70～74歳,90.0,inf,9018
栃木県,男性,70～74歳,85.0,90.0,6870
栃木県,男性,70～74歳,0.0,85.0,13087
群馬県,男性,70～74歳,90.0,inf,10007
群馬県,男性,70～74歳,85.0,90.0,7583
群馬県,男性,70～74歳,0.0,85.0,14539
埼玉県,男性,70～74歳,90.0,inf,33301
埼玉県,男性,70～74歳,85.0,90.0,25223
埼玉県,男性,70～74歳,0.0,85.0,47045
千葉県,男性,70～74歳,90.0,inf,28680
千葉県,男性,70～74歳,85.0,90.0,20675
千葉県,男性,70～74歳,0.0,85.0,37914
東京都,男性,70～74歳,90.0,inf,57967
東京都,男性,70～74歳,85.0,90.0,39478
東京都,男性,70～74歳,0.0,85.0,71714
神奈川県,男性,70～74歳,90.0,inf,32146
神奈川県,男性,70～74歳,85.0,90.0,23669
神奈川県,男性,70～74歳,0.0,85.0,44269
新潟県,男性,70～74歳,90.0,inf,11067
新潟県,男性,70～74歳,85.0,90.0,8959
新潟県,男性,70～74歳,0.0,85.0,20403
富山県,男性,70～74歳,90.0,inf,5844
富山県,男性,70～74歳,85.0,90.0,4212
富山県,男性,70～74歳,0.0,85.0,7794
石川県,男性,70～74歳,90.0,inf,6335
石川県,男性,70～74歳,85.0,90.0,4405
石川県,男性,70～74歳,0.0,85.0,7857
福井県,男性,70～74歳,90.0,inf,3493
福井県,男性,70～74歳,85.0,90.0,2494
福井県,男性,70～74歳,0.0,85.0,4408
山梨県,男性,70～74歳,90.0,inf,3957
山梨県,男性,70～74歳,85.0,90.0,3284
山梨県,男性,70～74歳,0.0,85.0,7027
長野県,男性,70～74歳,90.0,inf,10839
長野県,男性,70～74歳,85.0,90.0,8541
長野県,男性,70～74歳,0.0,85.0,17373
岐阜県,男性,70～74歳,90.0,inf,9569
岐阜県,男性,70～74歳,85.0,90.0,7550
岐阜県,男性,70～74歳,0.0,85.0,15612
静岡県,男性,70～74歳,90.0,inf,15758
静岡県,男性,70～74歳,85.0,90.0,12704
静岡県,男性,70～74歳,0.0,85.0,26661
愛知県,男性,70～74歳,90.0,inf,31958
愛知県,男性,70～74歳,85.0,90.0,23698
愛知県,男性,70～74歳,0.0,85.0,43158
三重県,男性,70～74歳,90.0,inf,9600
三重県,男性,70～74歳,85.0,90.0,7004
三重県,男性,70～74歳,0.0,85.0,13331
滋賀県,男性,70～74歳,90.0,inf,6508
滋賀県,男性,70～74歳,85.0,90.0,4899
滋賀県,男性,70～74歳,0.0,85.0,9054
京都府,男性,70～74歳,90.0,inf,10273
京都府,男性,70～74歳,85.0,90.0,7594
京都府,男性,70～74歳,0.0,85.0,14268
大阪府,男性,70～74歳,90.0,inf,30710
大阪府,男性,70～74歳,85.0,90.0,21310
大阪府,男性,70～74歳,0.0,85.0,38324
兵庫県,男性,70～74歳,90.0,inf,22904
兵庫県,男性,70～74歳,85.0,90.0,16899
兵庫県,男性,70～74歳,0.0,85.0,31815
奈良県,男性,70～74歳,90.0,inf,5999
奈良県,男性,70～74歳,85.0,90.0,4290
奈良県,男性,70～74歳,0.0,85.0,8195
和歌山県,男性,70～74歳,90.0,inf,4577
和歌山県,男性,70～74歳,85.0,90.0,3197
和歌山県,男性,70～74歳,0.0,85.0,5982
鳥取県,男性,70～74歳,90.0,inf,2335
鳥取県,男性,70～74歳,85.0,90.0,1790
鳥取県,男性,70～74歳,0.0,85.0,3707
島根県,男性,70～74歳,90.0,inf,3911
島根県,男性,70～74歳,85.0,90.0,3078
島根県,男性,70～74歳,0.0,85.0,6084
岡山県,男性,70～74歳,90.0,inf,7718
岡山県,男性,70～74歳,85.0,90.0,5522
岡山県,男性,70～74歳,0.0,85.0,10477
広島県,男性,70～74歳,90.0,inf,10670
広島県,男性,70～74歳,85.0,90.0,7857
広島県,男性,70～74歳,0.0,85.0,14356
山口県,男性,70～74歳,90.0,inf,5670
山口県,男性,70～74歳,85.0,90.0,4480
山口県,男性,70～74歳,0.0,85.0,8659
徳島県,男性,70～74歳,90.0,inf,3983
徳島県,男性,70～74歳,85.0,90.0,2762
徳島県,男性,70～74歳,0.0,85.0,5270
香川県,男性,70～74歳,90.0,inf,5518
香川県,男性,70～74歳,85.0,90.0,3868
香川県,男性,70～74歳,0.0,85.0,6962
愛媛県,男性,70～74歳,90.0,inf,5096
愛媛県,男性,70～74歳,85.0,90.0,3960
愛媛県,男性,70～74歳,0.0,85.0,8021
高知県,男性,70～74歳,90.0,inf,3712
高知県,男性,70～74歳,85.0,90.0,2500
高知県,男性,70～74歳,0.0,85.0,4568
福岡県,男性,70～74歳,90.0,inf,20861
福岡県,男性,70～74歳,85.0,90.0,14979
福岡県,男性,70～74歳,0.0,85.0,26644
佐賀県,男性,70～74歳,90.0,inf,4231
佐賀県,男性,70～74歳,85.0,90.0,3052
佐賀県,男性,70～74歳,0.0,85.0,5499
長崎県,男性,70～74歳,90.0,inf,7029
長崎県,男性,70～74歳,85.0,90.0,4975
長崎県,男性,70～74歳,0.0,85.0,8784
熊本県,男性,70～74歳,90.0,inf,8180
熊本県,男性,70～74歳,85.0,90.0,5920
熊本県,男性,70～74歳,0.0,85.0,11056
大分県,男性,70～74歳,90.0,inf,5592
大分県,男性,70～74歳,85.0,90.0,4284
大分県,男性,70～74歳,0.0,85.0,8297
宮崎県,男性,70～74歳,90.0,inf,5582
宮崎県,男性,70～74歳,85.0,90.0,4022
宮崎県,男性,70～74歳,0.0,85.0,7413
鹿児島県,男性,70～74歳,90.0,inf,9123
鹿児島県,男性,70～74歳,85.0,90.0,6680
鹿児島県,男性,70～74歳,0.0,85.0,12540
沖縄県,男性,70～74歳,90.0,inf,6811
沖縄県,男性,70～74歳,85.0,90.0,3608
沖縄県,男性,70～74歳,0.0,85.0,5083
北海道,女性,40～44歳,90.0,inf,8036
北海道,女性,40～44歳,85.0,90.0,5761
北海道,女性,40～44歳,0.0,85.0,50001
青森県,女性,40～44歳,90.0,inf,2437
青森県,女性,40～44歳,85.0,90.0,1846
青森県,女性,40～44歳,0.0,85.0,13128
岩手県,女性,40～44歳,90.0,inf,2504
岩手県,女性,40～44歳,85.0,90.0,1820
岩手県,女性,40～44歳,0.0,85.0,13889
宮城県,女性,40～44歳,90.0,inf,5014
宮城県,女性,40～44歳,85.0,90.0,3766
宮城県,女性,40～44歳,0.0,85.0,29786
秋田県,女性,40～44歳,90.0,inf,2019
秋田県,女性,40～44歳,85.0,90.0,1512
秋田県,女性,40～44歳,0.0,85.0,10647
山形県,女性,40～44歳,90.0,inf,2194
山形県,女性,40～44歳,85.0,90.0,1831
山形県,女性,40～44歳,0.0,85.0,15966
福島県,女性,40～44歳,90.0,inf,4030
福島県,女性,40～44歳,85.0,90.0,2797
福島県,女性,40～44歳,0.0,85.0,20711
茨城県,女性,40～44歳,90.0,inf,5501
茨城県,女性,40～44歳,85.0,90.0,3959
茨城県,女性,40～44歳,0.0,85.0,31933
栃木県,女性,40～44歳,90.0,inf,3803
栃木県,女性,40～44歳,85.0,90.0,2856
栃木県,女性,40～44歳,0.0,85.0,22341
群馬県,女性,40～44歳,90.0,inf,3079
群馬県,女性,40～44歳,85.0,90.0,2402
群馬県,女性,40～44歳,0.0,85.0,20628
埼玉県,女性,40～44歳,90.0,inf,12880
埼玉県,女性,40～44歳,85.0,90.0,10026
埼玉県,女性,40～44歳,0.0,85.0,83668
千葉県,女性,40～44歳,90.0,inf,11146
千葉県,女性,40～44歳,85.0,90.0,8878
千葉県,女性,40～44歳,0.0,85.0,71165
東京都,女性,40～44歳,90.0,inf,25917
東京都,女性,40～44歳,85.0,90.0,22448
東京都,女性,40～44歳,0.0,85.0,217552
神奈川県,女性,40～44歳,90.0,inf,14897
神奈川県,女性,40～44歳,85.0,90.0,12283
神奈川県,女性,40～44歳,0.0,85.0,115694
新潟県,女性,40～44歳,90.0,inf,3741
新潟県,女性,40～44歳,85.0,90.0,3059
新潟県,女性,40～44歳,0.0,85.0,29268
富山県,女性,40～44歳,90.0,inf,1896
富山県,女性,40～44歳,85.0,90.0,1514
富山県,女性,40～44歳,0.0,85.0,13368
石川県,女性,40～44歳,90.0,inf,1970
石川県,女性,40～44歳,85.0,90.0,1661
石川県,女性,40～44歳,0.0,85.0,14928
福井県,女性,40～44歳,90.0,inf,1307
福井県,女性,40～44歳,85.0,90.0,1098
福井県,女性,40～44歳,0.0,85.0,9795
山梨県,女性,40～44歳,90.0,inf,1334
山梨県,女性,40～44歳,85.0,90.0,1134
山梨県,女性,40～44歳,0.0,85.0,10093
長野県,女性,40～44歳,90.0,inf,3110
長野県,女性,40～44歳,85.0,90.0,2652
長野県,女性,40～44歳,0.0,85.0,25549
岐阜県,女性,40～44歳,90.0,inf,2578
岐阜県,女性,40～44歳,85.0,90.0,2199
岐阜県,女性,40～44歳,0.0,85.0,23017
静岡県,女性,40～44歳,90.0,inf,5771
静岡県,女性,40～44歳,85.0,90.0,4745
静岡県,女性,40～44歳,0.0,85.0,44135
愛知県,女性,40～44歳,90.0,inf,11545
愛知県,女性,40～44歳,85.0,90.0,9600
愛知県,女性,40～44歳,0.0,85.0,93166
三重県,女性,40～44歳,90.0,inf,2601
三重県,女性,40～44歳,85.0,90.0,2212
三重県,女性,40～44歳,0.0,85.0,20660
滋賀県,女性,40～44歳,90.0,inf,2293
滋賀県,女性,40～44歳,85.0,90.0,1854
滋賀県,女性,40～44歳,0.0,85.0,19368
京都府,女性,40～44歳,90.0,inf,3250
京都府,女性,40～44歳,85.0,90.0,2769
京都府,女性,40～44歳,0.0,85.0,30196
大阪府,女性,40～44歳,90.0,inf,13350
大阪府,女性,40～44歳,85.0,90.0,10680
大阪府,女性,40～44歳,0.0,85.0,98572
兵庫県,女性,40～44歳,90.0,inf,7181
兵庫県,女性,40～44歳,85.0,90.0,6052
兵庫県,女性,40～44歳,0.0,85.0,61542
奈良県,女性,40～44歳,90.0,inf,1638
奈良県,女性,40～44歳,85.0,90.0,1442
奈良県,女性,40～44歳,0.0,85.0,14129
和歌山県,女性,40～44歳,90.0,inf,1274
和歌山県,女性,40～44歳,85.0,90.0,933
和歌山県,女性,40～44歳,0.0,85.0,8939
鳥取県,女性,40～44歳,90.0,inf,835
鳥取県,女性,40～44歳,85.0,90.0,665
鳥取県,女性,40～44歳,0.0,85.0,6491
島根県,女性,40～44歳,90.0,inf,1019
島根県,女性,40～44歳,85.0,90.0,874
島根県,女性,40～44歳,0.0,85.0,8586
岡山県,女性,40～44歳,90.0,inf,2850
岡山県,女性,40～44歳,85.0,90.0,2342
岡山県,女性,40～44歳,0.0,85.0,22009
広島県,女性,40～44歳,90.0,inf,3847
広島県,女性,40～44歳,85.0,90.0,3187
広島県,女性,40～44歳,0.0,85.0,31765
山口県,女性,40～44歳,90.0,inf,1690
山口県,女性,40～44歳,85.0,90.0,1419
山口県,女性,40～44歳,0.0,85.0,13398
徳島県,女性,40～44歳,90.0,inf,1190
徳島県,女性,40～44歳,85.0,90.0,851
徳島県,女性,40～44歳,0.0,85.0,8159
香川県,女性,40～44歳,90.0,inf,1618
香川県,女性,40～44歳,85.0,90.0,1201
香川県,女性,40～44歳,0.0,85.0,11177
愛媛県,女性,40～44歳,90.0,inf,2102
愛媛県,女性,40～44歳,85.0,90.0,1640
愛媛県,女性,40～44歳,0.0,85.0,15588
高知県,女性,40～44歳,90.0,inf,1275
高知県,女性,40～44歳,85.0,90.0,946
高知県,女性,40～44歳,0.0,85.0,7770
福岡県,女性,40～44歳,90.0,inf,8712
福岡県,女性,40～44歳,85.0,90.0,6977
福岡県,女性,40～44歳,0.0,85.0,60162
佐賀県,女性,40～44歳,90.0,inf,1473
佐賀県,女性,40～44歳,85.0,90.0,1190
佐賀県,女性,40～44歳,0.0,85.0,8639
長崎県,女性,40～44歳,90.0,inf,2204
長崎県,女性,40～44歳,85.0,90.0,1741
長崎県,女性,40～44歳,0.0,85.0,13620
熊本県,女性,40～44歳,90.0,inf,3754
熊本県,女性,40～44歳,85.0,90.0,2708
熊本県,女性,40～44歳,0.0,85.0,20169
大分県,女性,40～44歳,90.0,inf,2085
大分県,女性,40～44歳,85.0,90.0,1630
大分県,女性,40～44歳,0.0,85.0,13752
宮崎県,女性,40～44歳,90.0,inf,2045
宮崎県,女性,40～44歳,85.0,90.0,1505
宮崎県,女性,40～44歳,0.0,85.0,10994
鹿児島県,女性,40～44歳,90.0,inf,2668
鹿児島県,女性,40～44歳,85.0,90.0,1993
鹿児島県,女性,40～44歳,0.0,85.0,15680
沖縄県,女性,40～44歳,90.0,inf,3804
沖縄県,女性,40～44歳,85.0,90.0,2612
沖縄県,女性,40～44歳,0.0,85.0,15977
北海道,女性,45～49歳,90.0,inf,11253
北海道,女性,45～49歳,85.0,90.0,8468
北海道,女性,45～49歳,0.0,85.0,59273
青森県,女性,45～49歳,90.0,inf,3431
青森県,女性,45～49歳,85.0,90.0,2529
青森県,女性,45～49歳,0.0,85.0,15291
岩手県,女性,45～49歳,90.0,inf,3322
岩手県,女性,45～49歳,85.0,90.0,2620
岩手県,女性,45～49歳,0.0,85.0,15813
宮城県,女性,45～49歳,90.0,inf,6851
宮城県,女性,45～49歳,85.0,90.0,5225
宮城県,女性,45～49歳,0.0,85.0,33047
秋田県,女性,45～49歳,90.0,inf,2617
秋田県,女性,45～49歳,85.0,90.0,2032
秋田県,女性,45～49歳,0.0,85.0,11818
山形県,女性,45～49歳,90.0,inf,2893
山形県,女性,45～49歳,85.0,90.0,2314
山形県,女性,45～49歳,0.0,85.0,17088
福島県,女性,45～49歳,90.0,inf,5040
福島県,女性,45～49歳,85.0,90.0,3675
福島県,女性,45～49歳,0.0,85.0,23447
茨城県,女性,45～49歳,90.0,inf,7848
茨城県,女性,45～49歳,85.0,90.0,5799
茨城県,女性,45～49歳,0.0,85.0,37629
栃木県,女性,45～49歳,90.0,inf,5248
栃木県,女性,45～49歳,85.0,90.0,4038
栃木県,女性,45～49歳,0.0,85.0,25810
群馬県,女性,45～49歳,90.0,inf,4626
群馬県,女性,45～49歳,85.0,90.0,3723
群馬県,女性,45～49歳,0.0,85.0,26013
埼玉県,女性,45～49歳,90.0,inf,18626
埼玉県,女性,45～49歳,85.0,90.0,14583
埼玉県,女性,45～49歳,0.0,85.0,99242
千葉県,女性,45～49歳,90.0,inf,16399
千葉県,女性,45～49歳,85.0,90.0,12373
千葉県,女性,45～49歳,0.0,85.0,84054
東京都,女性,45～49歳,90.0,inf,36375
東京都,女性,45～49歳,85.0,90.0,30402
東京都,女性,45～49歳,0.0,85.0,238459
神奈川県,女性,45～49歳,90.0,inf,22132
神奈川県,女性,45～49歳,85.0,90.0,18285
神奈川県,女性,45～49歳,0.0,85.0,135231
新潟県,女性,45～49歳,90.0,inf,5353
新潟県,女性,45～49歳,85.0,90.0,4481
新潟県,女性,45～49歳,0.0,85.0,34639
富山県,女性,45～49歳,90.0,inf,2928
富山県,女性,45～49歳,85.0,90.0,2425
富山県,女性,45～49歳,0.0,85.0,16845
石川県,女性,45～49歳,90.0,inf,3054
石川県,女性,45～49歳,85.0,90.0,2594
石川県,女性,45～49歳,0.0,85.0,18390
福井県,女性,45～49歳,90.0,inf,1855
福井県,女性,45～49歳,85.0,90.0,1636
福井県,女性,45～49歳,0.0,85.0,11562
山梨県,女性,45～49歳,90.0,inf,2109
山梨県,女性,45～49歳,85.0,90.0,1661
山梨県,女性,45～49歳,0.0,85.0,12211
長野県,女性,45～49歳,90.0,inf,4460
長野県,女性,45～49歳,85.0,90.0,3973
長野県,女性,45～49歳,0.0,85.0,32066
岐阜県,女性,45～49歳,90.0,inf,3880
岐阜県,女性,45～49歳,85.0,90.0,3444
岐阜県,女性,45～49歳,0.0,85.0,28813
静岡県,女性,45～49歳,90.0,inf,8619
静岡県,女性,45～49歳,85.0,90.0,7126
静岡県,女性,45～49歳,0.0,85.0,53055
愛知県,女性,45～49歳,90.0,inf,17259
愛知県,女性,45～49歳,85.0,90.0,14487
愛知県,女性,45～49歳,0.0,85.0,109862
三重県,女性,45～49歳,90.0,inf,4038
三重県,女性,45～49歳,85.0,90.0,3373
三重県,女性,45～49歳,0.0,85.0,25500
滋賀県,女性,45～49歳,90.0,inf,3194
滋賀県,女性,45～49歳,85.0,90.0,2660
滋賀県,女性,45～49歳,0.0,85.0,21740
京都府,女性,45～49歳,90.0,inf,4820
京都府,女性,45～49歳,85.0,90.0,4247
京都府,女性,45～49歳,0.0,85.0,36419
大阪府,女性,45～49歳,90.0,inf,20269
大阪府,女性,45～49歳,85.0,90.0,15948
大阪府,女性,45～49歳,0.0,85.0,118186
兵庫県,女性,45～49歳,90.0,inf,11253
兵庫県,女性,45～49歳,85.0,90.0,9265
兵庫県,女性,45～49歳,0.0,85.0,75399
奈良県,女性,45～49歳,90.0,inf,2608
奈良県,女性,45～49歳,85.0,90.0,2253
奈良県,女性,45～49歳,0.0,85.0,17034
和歌山県,女性,45～49歳,90.0,inf,1797
和歌山県,女性,45～49歳,85.0,90.0,1460
和歌山県,女性,45～49歳,0.0,85.0,11058
鳥取県,女性,45～49歳,90.0,inf,1126
鳥取県,女性,45～49歳,85.0,90.0,958
鳥取県,女性,45～49歳,0.0,85.0,7412
島根県,女性,45～49歳,90.0,inf,1479
島根県,女性,45～49歳,85.0,90.0,1305
島根県,女性,45～49歳,0.0,85.0,10010
岡山県,女性,45～49歳,90.0,inf,4302
岡山県,女性,45～49歳,85.0,90.0,3488
岡山県,女性,45～49歳,0.0,85.0,26545
広島県,女性,45～49歳,90.0,inf,6042
広島県,女性,45～49歳,85.0,90.0,5055
広島県,女性,45～49歳,0.0,85.0,38680
山口県,女性,45～49歳,90.0,inf,2518
山口県,女性,45～49歳,85.0,90.0,2124
山口県,女性,45～49歳,0.0,85.0,16572
徳島県,女性,45～49歳,90.0,inf,1661
徳島県,女性,45～49歳,85.0,90.0,1260
徳島県,女性,45～49歳,0.0,85.0,9784
香川県,女性,45～49歳,90.0,inf,2161
香川県,女性,45～49歳,85.0,90.0,1760
香川県,女性,45～49歳,0.0,85.0,13912
愛媛県,女性,45～49歳,90.0,inf,3150
愛媛県,女性,45～49歳,85.0,90.0,2427
愛媛県,女性,45～49歳,0.0,85.0,18247
高知県,女性,45～49歳,90.0,inf,1876
高知県,女性,45～49歳,85.0,90.0,1351
高知県,女性,45～49歳,0.0,85.0,9397
福岡県,女性,45～49歳,90.0,inf,11659
福岡県,女性,45～49歳,85.0,90.0,9594
福岡県,女性,45～49歳,0.0,85.0,66079
佐賀県,女性,45～49歳,90.0,inf,2062
佐賀県,女性,45～49歳,85.0,90.0,1562
佐賀県,女性,45～49歳,0.0,85.0,9370
長崎県,女性,45～49歳,90.0,inf,3065
長崎県,女性,45～49歳,85.0,90.0,2472
長崎県,女性,45～49歳,0.0,85.0,15231
熊本県,女性,45～49歳,90.0,inf,5025
熊本県,女性,45～49歳,85.0,90.0,3680
熊本県,女性,45～49歳,0.0,85.0,21686
大分県,女性,45～49歳,90.0,inf,2899
大分県,女性,45～49歳,85.0,90.0,2231
大分県,女性,45～49歳,0.0,85.0,15490
宮崎県,女性,45～49歳,90.0,inf,2703
宮崎県,女性,45～49歳,85.0,90.0,2092
宮崎県,女性,45～49歳,0.0,85.0,12426
鹿児島県,女性,45～49歳,90.0,inf,3723
鹿児島県,女性,45～49歳,85.0,90.0,2811
鹿児島県,女性,45～49歳,0.0,85.0,16261
沖縄県,女性,45～49歳,90.0,inf,5179
沖縄県,女性,45～49歳,85.0,90.0,3542
沖縄県,女性,45～49歳,0.0,85.0,16730
北海道,女性,50～54歳,90.0,inf,12482
北海道,女性,50～54歳,85.0,90.0,9066
北海道,女性,50～54歳,0.0,85.0,54286
青森県,女性,50～54歳,90.0,inf,3704
青森県,女性,50～54歳,85.0,90.0,2790
青森県,女性,50～54歳,0.0,85.0,14488
岩手県,女性,50～54歳,90.0,inf,3749
岩手県,女性,50～54歳,85.0,90.0,2834
岩手県,女性,50～54歳,0.0,85.0,14407
宮城県,女性,50～54歳,90.0,inf,7224
宮城県,女性,50～54歳,85.0,90.0,5470
宮城県,女性,50～54歳,0.0,85.0,29034
秋田県,女性,50～54歳,90.0,inf,3008
秋田県,女性,50～54歳,85.0,90.0,2247
秋田県,女性,50～54歳,0.0,85.0,10961
山形県,女性,50～54歳,90.0,inf,3286
山形県,女性,50～54歳,85.0,90.0,2537
山形県,女性,50～54歳,0.0,85.0,15412
福島県,女性,50～54歳,90.0,inf,5585
福島県,女性,50～54歳,85.0,90.0,4101
福島県,女性,50～54歳,0.0,85.0,21053
茨城県,女性,50～54歳,90.0,inf,8608
茨城県,女性,50～54歳,85.0,90.0,6453
茨城県,女性,50～54歳,0.0,85.0,34862
栃木県,女性,50～54歳,90.0,inf,5738
栃木県,女性,50～54歳,85.0,90.0,4298
栃木県,女性,50～54歳,0.0,85.0,23681
群馬県,女性,50～54歳,90.0,inf,5408
群馬県,女性,50～54歳,85.0,90.0,4222
群馬県,女性,50～54歳,0.0,85.0,24669
埼玉県,女性,50～54歳,90.0,inf,21902
埼玉県,女性,50～54歳,85.0,90.0,16338
埼玉県,女性,50～54歳,0.0,85.0,94021
千葉県,女性,50～54歳,90.0,inf,18898
千葉県,女性,50～54歳,85.0,90.0,14467
千葉県,女性,50～54歳,0.0,85.0,79695
東京都,女性,50～54歳,90.0,inf,43240
東京都,女性,50～54歳,85.0,90.0,34659
東京都,女性,50～54歳,0.0,85.0,220293
神奈川県,女性,50～54歳,90.0,inf,27041
神奈川県,女性,50～54歳,85.0,90.0,21255
神奈川県,女性,50～54歳,0.0,85.0,130895
新潟県,女性,50～54歳,90.0,inf,6006
新潟県,女性,50～54歳,85.0,90.0,4953
新潟県,女性,50～54歳,0.0,85.0,31099
富山県,女性,50～54歳,90.0,inf,3395
富山県,女性,50～54歳,85.0,90.0,2716
富山県,女性,50～54歳,0.0,85.0,15366
石川県,女性,50～54歳,90.0,inf,3486
石川県,女性,50～54歳,85.0,90.0,2714
石川県,女性,50～54歳,0.0,85.0,16364
福井県,女性,50～54歳,90.0,inf,2318
福井県,女性,50～54歳,85.0,90.0,1874
福井県,女性,50～54歳,0.0,85.0,10240
山梨県,女性,50～54歳,90.0,inf,2401
山梨県,女性,50～54歳,85.0,90.0,2097
山梨県,女性,50～54歳,0.0,85.0,11990
長野県,女性,50～54歳,90.0,inf,5497
長野県,女性,50～54歳,85.0,90.0,4590
長野県,女性,50～54歳,0.0,85.0,30196
岐阜県,女性,50～54歳,90.0,inf,4731
岐阜県,女性,50～54歳,85.0,90.0,4049
岐阜県,女性,50～54歳,0.0,85.0,27908
静岡県,女性,50～54歳,90.0,inf,10260
静岡県,女性,50～54歳,85.0,90.0,8161
静岡県,女性,50～54歳,0.0,85.0,50851
愛知県,女性,50～54歳,90.0,inf,20658
愛知県,女性,50～54歳,85.0,90.0,16842
愛知県,女性,50～54歳,0.0,85.0,103390
三重県,女性,50～54歳,90.0,inf,4947
三重県,女性,50～54歳,85.0,90.0,3915
三重県,女性,50～54歳,0.0,85.0,24294
滋賀県,女性,50～54歳,90.0,inf,3644
滋賀県,女性,50～54歳,85.0,90.0,3074
滋賀県,女性,50～54歳,0.0,85.0,19451
京都府,女性,50～54歳,90.0,inf,5823
京都府,女性,50～54歳,85.0,90.0,4750
京都府,女性,50～54歳,0.0,85.0,33525
大阪府,女性,50～54歳,90.0,inf,24472
大阪府,女性,50～54歳,85.0,90.0,19123
大阪府,女性,50～54歳,0.0,85.0,112995
兵庫県,女性,50～54歳,90.0,inf,13168
兵庫県,女性,50～54歳,85.0,90.0,11090
兵庫県,女性,50～54歳,0.0,85.0,71820
奈良県,女性,50～54歳,90.0,inf,3239
奈良県,女性,50～54歳,85.0,90.0,2660
奈良県,女性,50～54歳,0.0,85.0,16750
和歌山県,女性,50～54歳,90.0,inf,2318
和歌山県,女性,50～54歳,85.0,90.0,1862
和歌山県,女性,50～54歳,0.0,85.0,10560
鳥取県,女性,50～54歳,90.0,inf,1332
鳥取県,女性,50～54歳,85.0,90.0,1045
鳥取県,女性,50～54歳,0.0,85.0,6337
島根県,女性,50～54歳,90.0,inf,1725
島根県,女性,50～54歳,85.0,90.0,1457
島根県,女性,50～54歳,0.0,85.0,8318
岡山県,女性,50～54歳,90.0,inf,4959
岡山県,女性,50～54歳,85.0,90.0,4009
岡山県,女性,50～54歳,0.0,85.0,23538
広島県,女性,50～54歳,90.0,inf,7051
広島県,女性,50～54歳,85.0,90.0,5723
広島県,女性,50～54歳,0.0,85.0,35030
山口県,女性,50～54歳,90.0,inf,3348
山口県,女性,50～54歳,85.0,90.0,2567
山口県,女性,50～54歳,0.0,85.0,15285
徳島県,女性,50～54歳,90.0,inf,1903
徳島県,女性,50～54歳,85.0,90.0,1459
徳島県,女性,50～54歳,0.0,85.0,8882
香川県,女性,50～54歳,90.0,inf,2419
香川県,女性,50～54歳,85.0,90.0,1979
香川県,女性,50～54歳,0.0,85.0,12357
愛媛県,女性,50～54歳,90.0,inf,3517
愛媛県,女性,50～54歳,85.0,90.0,2670
愛媛県,女性,50～54歳,0.0,85.0,16963
高知県,女性,50～54歳,90.0,inf,2185
高知県,女性,50～54歳,85.0,90.0,1472
高知県,女性,50～54歳,0.0,85.0,8263
福岡県,女性,50～54歳,90.0,inf,13221
福岡県,女性,50～54歳,85.0,90.0,10796
福岡県,女性,50～54歳,0.0,85.0,57619
佐賀県,女性,50～54歳,90.0,inf,2312
佐賀県,女性,50～54歳,85.0,90.0,1691
佐賀県,女性,50～54歳,0.0,85.0,8362
長崎県,女性,50～54歳,90.0,inf,3648
長崎県,女性,50～54歳,85.0,90.0,2845
長崎県,女性,50～54歳,0.0,85.0,14235
熊本県,女性,50～54歳,90.0,inf,5370
熊本県,女性,50～54歳,85.0,90.0,4135
熊本県,女性,50～54歳,0.0,85.0,19070
大分県,女性,50～54歳,90.0,inf,3194
大分県,女性,50～54歳,85.0,90.0,2511
大分県,女性,50～54歳,0.0,85.0,14089
宮崎県,女性,50～54歳,90.0,inf,3035
宮崎県,女性,50～54歳,85.0,90.0,2159
宮崎県,女性,50～54歳,0.0,85.0,10958
鹿児島県,女性,50～54歳,90.0,inf,4345
鹿児島県,女性,50～54歳,85.0,90.0,3100
鹿児島県,女性,50～54歳,0.0,85.0,15039
沖縄県,女性,50～54歳,90.0,inf,5440
沖縄県,女性,50～54歳,85.0,90.0,3574
沖縄県,女性,50～54歳,0.0,85.0,14010
北海道,女性,55～59歳,90.0,inf,11165
北海道,女性,55～59歳,85.0,90.0,8591
北海道,女性,55～59歳,0.0,85.0,46758
青森県,女性,55～59歳,90.0,inf,3586
青森県,女性,55～59歳,85.0,90.0,2875
青森県,女性,55～59歳,0.0,85.0,13586
岩手県,女性,55～59歳,90.0,inf,3668
岩手県,女性,55～59歳,85.0,90.0,2880
岩手県,女性,55～59歳,0.0,85.0,13199
宮城県,女性,55～59歳,90.0,inf,7102
宮城県,女性,55～59歳,85.0,90.0,5286
宮城県,女性,55～59歳,0.0,85.0,24643
秋田県,女性,55～59歳,90.0,inf,3036
秋田県,女性,55～59歳,85.0,90.0,2399
秋田県,女性,55～59歳,0.0,85.0,10202
山形県,女性,55～59歳,90.0,inf,3299
山形県,女性,55～59歳,85.0,90.0,2824
山形県,女性,55～59歳,0.0,85.0,14634
福島県,女性,55～59歳,90.0,inf,5794
福島県,女性,55～59歳,85.0,90.0,4413
福島県,女性,55～59歳,0.0,85.0,19598
茨城県,女性,55～59歳,90.0,inf,7850
茨城県,女性,55～59歳,85.0,90.0,6047
茨城県,女性,55～59歳,0.0,85.0,28348
栃木県,女性,55～59歳,90.0,inf,5151
栃木県,女性,55～59歳,85.0,90.0,4028
栃木県,女性,55～59歳,0.0,85.0,19380
群馬県,女性,55～59歳,90.0,inf,5000
群馬県,女性,55～59歳,85.0,90.0,3867
群馬県,女性,55～59歳,0.0,85.0,20295
埼玉県,女性,55～59歳,90.0,inf,18614
埼玉県,女性,55～59歳,85.0,90.0,14407
埼玉県,女性,55～59歳,0.0,85.0,73845
千葉県,女性,55～59歳,90.0,inf,16303
千葉県,女性,55～59歳,85.0,90.0,12579
千葉県,女性,55～59歳,0.0,85.0,61554
東京都,女性,55～59歳,90.0,inf,36557
東京都,女性,55～59歳,85.0,90.0,29860
東京都,女性,55～59歳,0.0,85.0,168337
神奈川県,女性,55～59歳,90.0,inf,22949
神奈川県,女性,55～59歳,85.0,90.0,18270
神奈川県,女性,55～59歳,0.0,85.0,98826
新潟県,女性,55～59歳,90.0,inf,5883
新潟県,女性,55～59歳,85.0,90.0,5053
新潟県,女性,55～59歳,0.0,85.0,27237
富山県,女性,55～59歳,90.0,inf,3187
富山県,女性,55～59歳,85.0,90.0,2709
富山県,女性,55～59歳,0.0,85.0,12191
石川県,女性,55～59歳,90.0,inf,3251
石川県,女性,55～59歳,85.0,90.0,2634
石川県,女性,55～59歳,0.0,85.0,13142
福井県,女性,55～59歳,90.0,inf,2151
福井県,女性,55～59歳,85.0,90.0,1836
福井県,女性,55～59歳,0.0,85.0,8881
山梨県,女性,55～59歳,90.0,inf,2370
山梨県,女性,55～59歳,85.0,90.0,2016
山梨県,女性,55～59歳,0.0,85.0,10822
長野県,女性,55～59歳,90.0,inf,5441
長野県,女性,55～59歳,85.0,90.0,4555
長野県,女性,55～59歳,0.0,85.0,25707
岐阜県,女性,55～59歳,90.0,inf,4598
岐阜県,女性,55～59歳,85.0,90.0,4059
岐阜県,女性,55～59歳,0.0,85.0,23421
静岡県,女性,55～59歳,90.0,inf,9445
静岡県,女性,55～59歳,85.0,90.0,7670
静岡県,女性,55～59歳,0.0,85.0,41659
愛知県,女性,55～59歳,90.0,inf,17986
愛知県,女性,55～59歳,85.0,90.0,15173
愛知県,女性,55～59歳,0.0,85.0,79181
三重県,女性,55～59歳,90.0,inf,4736
三重県,女性,55～59歳,85.0,90.0,3961
三重県,女性,55～59歳,0.0,85.0,20066
滋賀県,女性,55～59歳,90.0,inf,3412
滋賀県,女性,55～59歳,85.0,90.0,2782
滋賀県,女性,55～59歳,0.0,85.0,15957
京都府,女性,55～59歳,90.0,inf,5263
京都府,女性,55～59歳,85.0,90.0,4525
京都府,女性,55～59歳,0.0,85.0,26886
大阪府,女性,55～59歳,90.0,inf,21157
大阪府,女性,55～59歳,85.0,90.0,16680
大阪府,女性,55～59歳,0.0,85.0,86554
兵庫県,女性,55～59歳,90.0,inf,12064
兵庫県,女性,55～59歳,85.0,90.0,10113
兵庫県,女性,55～59歳,0.0,85.0,57274
奈良県,女性,55～59歳,90.0,inf,3029
奈良県,女性,55～59歳,85.0,90.0,2565
奈良県,女性,55～59歳,0.0,85.0,13745
和歌山県,女性,55～59歳,90.0,inf,2266
和歌山県,女性,55～59歳,85.0,90.0,1829
和歌山県,女性,55～59歳,0.0,85.0,9603
鳥取県,女性,55～59歳,90.0,inf,1397
鳥取県,女性,55～59歳,85.0,90.0,1125
鳥取県,女性,55～59歳,0.0,85.0,5595
島根県,女性,55～59歳,90.0,inf,1796
島根県,女性,55～59歳,85.0,90.0,1507
島根県,女性,55～59歳,0.0,85.0,7445
岡山県,女性,55～59歳,90.0,inf,4624
岡山県,女性,55～59歳,85.0,90.0,3708
岡山県,女性,55～59歳,0.0,85.0,18669
広島県,女性,55～59歳,90.0,inf,6405
広島県,女性,55～59歳,85.0,90.0,5254
広島県,女性,55～59歳,0.0,85.0,27123
山口県,女性,55～59歳,90.0,inf,2965
山口県,女性,55～59歳,85.0,90.0,2539
山口県,女性,55～59歳,0.0,85.0,12401
徳島県,女性,55～59歳,90.0,inf,1714
徳島県,女性,55～59歳,85.0,90.0,1478
徳島県,女性,55～59歳,0.0,85.0,7998
香川県,女性,55～59歳,90.0,inf,2317
香川県,女性,55～59歳,85.0,90.0,1917
香川県,女性,55～59歳,0.0,85.0,9900
愛媛県,女性,55～59歳,90.0,inf,3442
愛媛県,女性,55～59歳,85.0,90.0,2682
愛媛県,女性,55～59歳,0.0,85.0,14167
高知県,女性,55～59歳,90.0,inf,2050
高知県,女性,55～59歳,85.0,90.0,1495
高知県,女性,55～59歳,0.0,85.0,7030
福岡県,女性,55～59歳,90.0,inf,11914
福岡県,女性,55～59歳,85.0,90.0,9848
福岡県,女性,55～59歳,0.0,85.0,46562
佐賀県,女性,55～59歳,90.0,inf,2259
佐賀県,女性,55～59歳,85.0,90.0,1825
佐賀県,女性,55～59歳,0.0,85.0,7519
長崎県,女性,55～59歳,90.0,inf,3609
長崎県,女性,55～59歳,85.0,90.0,3004
長崎県,女性,55～59歳,0.0,85.0,12833
熊本県,女性,55～59歳,90.0,inf,5585
熊本県,女性,55～59歳,85.0,90.0,4331
熊本県,女性,55～59歳,0.0,85.0,17561
大分県,女性,55～59歳,90.0,inf,3054
大分県,女性,55～59歳,85.0,90.0,2590
大分県,女性,55～59歳,0.0,85.0,12117
宮崎県,女性,55～59歳,90.0,inf,3003
宮崎県,女性,55～59歳,85.0,90.0,2235
宮崎県,女性,55～59歳,0.0,85.0,9811
鹿児島県,女性,55～59歳,90.0,inf,4303
鹿児島県,女性,55～59歳,85.0,90.0,3364
鹿児島県,女性,55～59歳,0.0,85.0,14134
沖縄県,女性,55～59歳,90.0,inf,4797
沖縄県,女性,55～59歳,85.0,90.0,3347
沖縄県,女性,55～59歳,0.0,85.0,11551
北海道,女性,60～64歳,90.0,inf,9639
北海道,女性,60～64歳,85.0,90.0,7751
北海道,女性,60～64歳,0.0,85.0,37143
青森県,女性,60～64歳,90.0,inf,3566
青森県,女性,60～64歳,85.0,90.0,2965
青森県,女性,60～64歳,0.0,85.0,12410
岩手県,女性,60～64歳,90.0,inf,3905
岩手県,女性,60～64歳,85.0,90.0,3295
岩手県,女性,60～64歳,0.0,85.0,12643
宮城県,女性,60～64歳,90.0,inf,7167
宮城県,女性,60～64歳,85.0,90.0,5720
宮城県,女性,60～64歳,0.0,85.0,22566
秋田県,女性,60～64歳,90.0,inf,3129
秋田県,女性,60～64歳,85.0,90.0,2682
秋田県,女性,60～64歳,0.0,85.0,10335
山形県,女性,60～64歳,90.0,inf,3411
山形県,女性,60～64歳,85.0,90.0,3200
山形県,女性,60～64歳,0.0,85.0,14699
福島県,女性,60～64歳,90.0,inf,6501
福島県,女性,60～64歳,85.0,90.0,4936
福島県,女性,60～64歳,0.0,85.0,19228
茨城県,女性,60～64歳,90.0,inf,7199
茨城県,女性,60～64歳,85.0,90.0,6085
茨城県,女性,60～64歳,0.0,85.0,24925
栃木県,女性,60～64歳,90.0,inf,4974
栃木県,女性,60～64歳,85.0,90.0,4215
栃木県,女性,60～64歳,0.0,85.0,17660
群馬県,女性,60～64歳,90.0,inf,4709
群馬県,女性,60～64歳,85.0,90.0,3957
群馬県,女性,60～64歳,0.0,85.0,17678
埼玉県,女性,60～64歳,90.0,inf,16029
埼玉県,女性,60～64歳,85.0,90.0,13252
埼玉県,女性,60～64歳,0.0,85.0,58313
千葉県,女性,60～64歳,90.0,inf,14363
千葉県,女性,60～64歳,85.0,90.0,11466
千葉県,女性,60～64歳,0.0,85.0,48656
東京都,女性,60～64歳,90.0,inf,29623
東京都,女性,60～64歳,85.0,90.0,24425
東京都,女性,60～64歳,0.0,85.0,121766
神奈川県,女性,60～64歳,90.0,inf,17495
神奈川県,女性,60～64歳,85.0,90.0,14620
神奈川県,女性,60～64歳,0.0,85.0,69775
新潟県,女性,60～64歳,90.0,inf,5659
新潟県,女性,60～64歳,85.0,90.0,5187
新潟県,女性,60～64歳,0.0,85.0,24636
富山県,女性,60～64歳,90.0,inf,3175
富山県,女性,60～64歳,85.0,90.0,2655
富山県,女性,60～64歳,0.0,85.0,9985
石川県,女性,60～64歳,90.0,inf,3154
石川県,女性,60～64歳,85.0,90.0,2698
石川県,女性,60～64歳,0.0,85.0,11032
福井県,女性,60～64歳,90.0,inf,1982
福井県,女性,60～64歳,85.0,90.0,1834
福井県,女性,60～64歳,0.0,85.0,7481
山梨県,女性,60～64歳,90.0,inf,2122
山梨県,女性,60～64歳,85.0,90.0,2007
山梨県,女性,60～64歳,0.0,85.0,9821
長野県,女性,60～64歳,90.0,inf,5202
長野県,女性,60～64歳,85.0,90.0,4736
長野県,女性,60～64歳,0.0,85.0,22392
岐阜県,女性,60～64歳,90.0,inf,4531
岐阜県,女性,60～64歳,85.0,90.0,4145
岐阜県,女性,60～64歳,0.0,85.0,20594
静岡県,女性,60～64歳,90.0,inf,8568
静岡県,女性,60～64歳,85.0,90.0,7484
静岡県,女性,60～64歳,0.0,85.0,36202
愛知県,女性,60～64歳,90.0,inf,15767
愛知県,女性,60～64歳,85.0,90.0,13344
愛知県,女性,60～64歳,0.0,85.0,60631
三重県,女性,60～64歳,90.0,inf,4496
三重県,女性,60～64歳,85.0,90.0,3892
三重県,女性,60～64歳,0.0,85.0,17442
滋賀県,女性,60～64歳,90.0,inf,3208
滋賀県,女性,60～64歳,85.0,90.0,2836
滋賀県,女性,60～64歳,0.0,85.0,13758
京都府,女性,60～64歳,90.0,inf,4600
京都府,女性,60～64歳,85.0,90.0,4105
京都府,女性,60～64歳,0.0,85.0,21224
大阪府,女性,60～64歳,90.0,inf,16464
大阪府,女性,60～64歳,85.0,90.0,13411
大阪府,女性,60～64歳,0.0,85.0,63325
兵庫県,女性,60～64歳,90.0,inf,10702
兵庫県,女性,60～64歳,85.0,90.0,9677
兵庫県,女性,60～64歳,0.0,85.0,46219
奈良県,女性,60～64歳,90.0,inf,2754
奈良県,女性,60～64歳,85.0,90.0,2423
奈良県,女性,60～64歳,0.0,85.0,11332
和歌山県,女性,60～64歳,90.0,inf,2112
和歌山県,女性,60～64歳,85.0,90.0,1775
和歌山県,女性,60～64歳,0.0,85.0,8508
鳥取県,女性,60～64歳,90.0,inf,1412
鳥取県,女性,60～64歳,85.0,90.0,1246
鳥取県,女性,60～64歳,0.0,85.0,5173
島根県,女性,60～64歳,90.0,inf,1974
島根県,女性,60～64歳,85.0,90.0,1678
島根県,女性,60～64歳,0.0,85.0,7193
岡山県,女性,60～64歳,90.0,inf,4513
岡山県,女性,60～64歳,85.0,90.0,3649
岡山県,女性,60～64歳,0.0,85.0,15966
広島県,女性,60～64歳,90.0,inf,5871
広島県,女性,60～64歳,85.0,90.0,5070
広島県,女性,60～64歳,0.0,85.0,22170
山口県,女性,60～64歳,90.0,inf,3023
山口県,女性,60～64歳,85.0,90.0,2591
山口県,女性,60～64歳,0.0,85.0,11229
徳島県,女性,60～64歳,90.0,inf,1849
徳島県,女性,60～64歳,85.0,90.0,1578
徳島県,女性,60～64歳,0.0,85.0,7289
香川県,女性,60～64歳,90.0,inf,2429
香川県,女性,60～64歳,85.0,90.0,2053
香川県,女性,60～64歳,0.0,85.0,9199
愛媛県,女性,60～64歳,90.0,inf,3249
愛媛県,女性,60～64歳,85.0,90.0,2663
愛媛県,女性,60～64歳,0.0,85.0,12542
高知県,女性,60～64歳,90.0,inf,1990
高知県,女性,60～64歳,85.0,90.0,1524
高知県,女性,60～64歳,0.0,85.0,6607
福岡県,女性,60～64歳,90.0,inf,11231
福岡県,女性,60～64歳,85.0,90.0,9543
福岡県,女性,60～64歳,0.0,85.0,39315
佐賀県,女性,60～64歳,90.0,inf,2468
佐賀県,女性,60～64歳,85.0,90.0,1993
佐賀県,女性,60～64歳,0.0,85.0,7208
長崎県,女性,60～64歳,90.0,inf,3777
長崎県,女性,60～64歳,85.0,90.0,3133
長崎県,女性,60～64歳,0.0,85.0,12095
熊本県,女性,60～64歳,90.0,inf,5356
熊本県,女性,60～64歳,85.0,90.0,4441
熊本県,女性,60～64歳,0.0,85.0,16316
大分県,女性,60～64歳,90.0,inf,3157
大分県,女性,60～64歳,85.0,90.0,2817
大分県,女性,60～64歳,0.0,85.0,11639
宮崎県,女性,60～64歳,90.0,inf,3147
宮崎県,女性,60～64歳,85.0,90.0,2454
宮崎県,女性,60～64歳,0.0,85.0,9379
鹿児島県,女性,60～64歳,90.0,inf,4790
鹿児島県,女性,60～64歳,85.0,90.0,3983
鹿児島県,女性,60～64歳,0.0,85.0,14338
沖縄県,女性,60～64歳,90.0,inf,4409
沖縄県,女性,60～64歳,85.0,90.0,3172
沖縄県,女性,60～64歳,0.0,85.0,10028
北海道,女性,65～69歳,90.0,inf,8774
北海道,女性,65～69歳,85.0,90.0,7116
北海道,女性,65～69歳,0.0,85.0,29198
青森県,女性,65～69歳,90.0,inf,3698
青森県,女性,65～69歳,85.0,90.0,3154
青森県,女性,65～69歳,0.0,85.0,11672
岩手県,女性,65～69歳,90.0,inf,4490
岩手県,女性,65～69歳,85.0,90.0,3710
岩手県,女性,65～69歳,0.0,85.0,13153
宮城県,女性,65～69歳,90.0,inf,8062
宮城県,女性,65～69歳,85.0,90.0,6680
宮城県,女性,65～69歳,0.0,85.0,21940
秋田県,女性,65～69歳,90.0,inf,3334
秋田県,女性,65～69歳,85.0,90.0,2858
秋田県,女性,65～69歳,0.0,85.0,10406
山形県,女性,65～69歳,90.0,inf,3449
山形県,女性,65～69歳,85.0,90.0,3467
山形県,女性,65～69歳,0.0,85.0,14737
福島県,女性,65～69歳,90.0,inf,6944
福島県,女性,65～69歳,85.0,90.0,5667
福島県,女性,65～69歳,0.0,85.0,18613
茨城県,女性,65～69歳,90.0,inf,7068
茨城県,女性,65～69歳,85.0,90.0,6502
茨城県,女性,65～69歳,0.0,85.0,24676
栃木県,女性,65～69歳,90.0,inf,5315
栃木県,女性,65～69歳,85.0,90.0,4729
栃木県,女性,65～69歳,0.0,85.0,17219
群馬県,女性,65～69歳,90.0,inf,5779
群馬県,女性,65～69歳,85.0,90.0,5063
群馬県,女性,65～69歳,0.0,85.0,17967
埼玉県,女性,65～69歳,90.0,inf,17247
埼玉県,女性,65～69歳,85.0,90.0,14673
埼玉県,女性,65～69歳,0.0,85.0,55940
千葉県,女性,65～69歳,90.0,inf,15107
千葉県,女性,65～69歳,85.0,90.0,12837
千葉県,女性,65～69歳,0.0,85.0,47202
東京都,女性,65～69歳,90.0,inf,29482
東京都,女性,65～69歳,85.0,90.0,24428
東京都,女性,65～69歳,0.0,85.0,98878
神奈川県,女性,65～69歳,90.0,inf,15282
神奈川県,女性,65～69歳,85.0,90.0,13385
神奈川県,女性,65～69歳,0.0,85.0,54474
新潟県,女性,65～69歳,90.0,inf,6094
新潟県,女性,65～69歳,85.0,90.0,5979
新潟県,女性,65～69歳,0.0,85.0,24274
富山県,女性,65～69歳,90.0,inf,3571
富山県,女性,65～69歳,85.0,90.0,2933
富山県,女性,65～69歳,0.0,85.0,9285
石川県,女性,65～69歳,90.0,inf,3521
石川県,女性,65～69歳,85.0,90.0,2900
石川県,女性,65～69歳,0.0,85.0,9924
福井県,女性,65～69歳,90.0,inf,1977
福井県,女性,65～69歳,85.0,90.0,1724
福井県,女性,65～69歳,0.0,85.0,6237
山梨県,女性,65～69歳,90.0,inf,2232
山梨県,女性,65～69歳,85.0,90.0,2335
山梨県,女性,65～69歳,0.0,85.0,9389
長野県,女性,65～69歳,90.0,inf,5607
長野県,女性,65～69歳,85.0,90.0,5233
長野県,女性,65～69歳,0.0,85.0,21408
岐阜県,女性,65～69歳,90.0,inf,5169
岐阜県,女性,65～69歳,85.0,90.0,4719
岐阜県,女性,65～69歳,0.0,85.0,18804
静岡県,女性,65～69歳,90.0,inf,8786
静岡県,女性,65～69歳,85.0,90.0,7715
静岡県,女性,65～69歳,0.0,85.0,32257
愛知県,女性,65～69歳,90.0,inf,16999
愛知県,女性,65～69歳,85.0,90.0,14327
愛知県,女性,65～69歳,0.0,85.0,51456
三重県,女性,65～69歳,90.0,inf,5236
三重県,女性,65～69歳,85.0,90.0,4471
三重県,女性,65～69歳,0.0,85.0,16748
滋賀県,女性,65～69歳,90.0,inf,3364
滋賀県,女性,65～69歳,85.0,90.0,3029
滋賀県,女性,65～69歳,0.0,85.0,11813
京都府,女性,65～69歳,90.0,inf,4672
京都府,女性,65～69歳,85.0,90.0,4260
京都府,女性,65～69歳,0.0,85.0,17675
大阪府,女性,65～69歳,90.0,inf,15423
大阪府,女性,65～69歳,85.0,90.0,12915
大阪府,女性,65～69歳,0.0,85.0,51449
兵庫県,女性,65～69歳,90.0,inf,10599
兵庫県,女性,65～69歳,85.0,90.0,9907
兵庫県,女性,65～69歳,0.0,85.0,40597
奈良県,女性,65～69歳,90.0,inf,3067
奈良県,女性,65～69歳,85.0,90.0,2773
奈良県,女性,65～69歳,0.0,85.0,10726
和歌山県,女性,65～69歳,90.0,inf,2263
和歌山県,女性,65～69歳,85.0,90.0,1998
和歌山県,女性,65～69歳,0.0,85.0,8294
鳥取県,女性,65～69歳,90.0,inf,1490
鳥取県,女性,65～69歳,85.0,90.0,1318
鳥取県,女性,65～69歳,0.0,85.0,4977
島根県,女性,65～69歳,90.0,inf,2189
島根県,女性,65～69歳,85.0,90.0,1954
島根県,女性,65～69歳,0.0,85.0,7245
岡山県,女性,65～69歳,90.0,inf,4413
岡山県,女性,65～69歳,85.0,90.0,3765
岡山県,女性,65～69歳,0.0,85.0,13988
広島県,女性,65～69歳,90.0,inf,5602
広島県,女性,65～69歳,85.0,90.0,4927
広島県,女性,65～69歳,0.0,85.0,18513
山口県,女性,65～69歳,90.0,inf,3411
山口県,女性,65～69歳,85.0,90.0,2903
山口県,女性,65～69歳,0.0,85.0,10807
徳島県,女性,65～69歳,90.0,inf,2219
徳島県,女性,65～69歳,85.0,90.0,1841
徳島県,女性,65～69歳,0.0,85.0,7477
香川県,女性,65～69歳,90.0,inf,2869
香川県,女性,65～69歳,85.0,90.0,2413
香川県,女性,65～69歳,0.0,85.0,8952
愛媛県,女性,65～69歳,90.0,inf,3109
愛媛県,女性,65～69歳,85.0,90.0,2732
愛媛県,女性,65～69歳,0.0,85.0,10995
高知県,女性,65～69歳,90.0,inf,2092
高知県,女性,65～69歳,85.0,90.0,1688
高知県,女性,65～69歳,0.0,85.0,6273
福岡県,女性,65～69歳,90.0,inf,11849
福岡県,女性,65～69歳,85.0,90.0,10150
福岡県,女性,65～69歳,0.0,85.0,35553
佐賀県,女性,65～69歳,90.0,inf,2766
佐賀県,女性,65～69歳,85.0,90.0,2344
佐賀県,女性,65～69歳,0.0,85.0,7073
長崎県,女性,65～69歳,90.0,inf,4317
長崎県,女性,65～69歳,85.0,90.0,3655
長崎県,女性,65～69歳,0.0,85.0,12154
熊本県,女性,65～69歳,90.0,inf,5377
熊本県,女性,65～69歳,85.0,90.0,4721
熊本県,女性,65～69歳,0.0,85.0,15535
大分県,女性,65～69歳,90.0,inf,3400
大分県,女性,65～69歳,85.0,90.0,3079
大分県,女性,65～69歳,0.0,85.0,10707
宮崎県,女性,65～69歳,90.0,inf,3638
宮崎県,女性,65～69歳,85.0,90.0,2884
宮崎県,女性,65～69歳,0.0,85.0,9536
鹿児島県,女性,65～69歳,90.0,inf,5837
鹿児島県,女性,65～69歳,85.0,90.0,4739
鹿児島県,女性,65～69歳,0.0,85.0,15552
沖縄県,女性,65～69歳,90.0,inf,4738
沖縄県,女性,65～69歳,85.0,90.0,3246
沖縄県,女性,65～69歳,0.0,85.0,8907
北海道,女性,70～74歳,90.0,inf,10430
北海道,女性,70～74歳,85.0,90.0,8489
北海道,女性,70～74歳,0.0,85.0,32186
青森県,女性,70～74歳,90.0,inf,4415
青森県,女性,70～74歳,85.0,90.0,3765
青森県,女性,70～74歳,0.0,85.0,13271
岩手県,女性,70～74歳,90.0,inf,5349
岩手県,女性,70～74歳,85.0,90.0,4579
岩手県,女性,70～74歳,0.0,85.0,15309
宮城県,女性,70～74歳,90.0,inf,10154
宮城県,女性,70～74歳,85.0,90.0,8215
宮城県,女性,70～74歳,0.0,85.0,24945
秋田県,女性,70～74歳,90.0,inf,3787
秋田県,女性,70～74歳,85.0,90.0,3264
秋田県,女性,70～74歳,0.0,85.0,11309
山形県,女性,70～74歳,90.0,inf,3603
山形県,女性,70～74歳,85.0,90.0,3742
山形県,女性,70～74歳,0.0,85.0,14901
福島県,女性,70～74歳,90.0,inf,8073
福島県,女性,70～74歳,85.0,90.0,6651
福島県,女性,70～74歳,0.0,85.0,20019
茨城県,女性,70～74歳,90.0,inf,7917
茨城県,女性,70～74歳,85.0,90.0,7733
茨城県,女性,70～74歳,0.0,85.0,27449
栃木県,女性,70～74歳,90.0,inf,6362
栃木県,女性,70～74歳,85.0,90.0,5576
栃木県,女性,70～74歳,0.0,85.0,18916
群馬県,女性,70～74歳,90.0,inf,8077
群馬県,女性,70～74歳,85.0,90.0,6988
群馬県,女性,70～74歳,0.0,85.0,22757
埼玉県,女性,70～74歳,90.0,inf,25033
埼玉県,女性,70～74歳,85.0,90.0,21504
埼玉県,女性,70～74歳,0.0,85.0,76213
千葉県,女性,70～74歳,90.0,inf,21070
千葉県,女性,70～74歳,85.0,90.0,18065
千葉県,女性,70～74歳,0.0,85.0,62941
東京都,女性,70～74歳,90.0,inf,43304
東京都,女性,70～74歳,85.0,90.0,35917
東京都,女性,70～74歳,0.0,85.0,131852
神奈川県,女性,70～74歳,90.0,inf,21236
神奈川県,女性,70～74歳,85.0,90.0,18894
神奈川県,女性,70～74歳,0.0,85.0,71174
新潟県,女性,70～74歳,90.0,inf,8009
新潟県,女性,70～74歳,85.0,90.0,7572
新潟県,女性,70～74歳,0.0,85.0,28327
富山県,女性,70～74歳,90.0,inf,5191
富山県,女性,70～74歳,85.0,90.0,4180
富山県,女性,70～74歳,0.0,85.0,12513
石川県,女性,70～74歳,90.0,inf,5183
石川県,女性,70～74歳,85.0,90.0,4272
石川県,女性,70～74歳,0.0,85.0,13109
福井県,女性,70～74歳,90.0,inf,2381
福井県,女性,70～74歳,85.0,90.0,2067
福井県,女性,70～74歳,0.0,85.0,6889
山梨県,女性,70～74歳,90.0,inf,2688
山梨県,女性,70～74歳,85.0,90.0,2702
山梨県,女性,70～74歳,0.0,85.0,10220
長野県,女性,70～74歳,90.0,inf,7621
長野県,女性,70～74歳,85.0,90.0,7109
長野県,女性,70～74歳,0.0,85.0,26622
岐阜県,女性,70～74歳,90.0,inf,7398
岐阜県,女性,70～74歳,85.0,90.0,6558
岐阜県,女性,70～74歳,0.0,85.0,23035
静岡県,女性,70～74歳,90.0,inf,11240
静岡県,女性,70～74歳,85.0,90.0,10251
静岡県,女性,70～74歳,0.0,85.0,39316
愛知県,女性,70～74歳,90.0,inf,25662
愛知県,女性,70～74歳,85.0,90.0,21494
愛知県,女性,70～74歳,0.0,85.0,67348
三重県,女性,70～74歳,90.0,inf,7758
三重県,女性,70～74歳,85.0,90.0,6477
三重県,女性,70～74歳,0.0,85.0,21894
滋賀県,女性,70～74歳,90.0,inf,4539
滋賀県,女性,70～74歳,85.0,90.0,4038
滋賀県,女性,70～74歳,0.0,85.0,14583
京都府,女性,70～74歳,90.0,inf,7326
京都府,女性,70～74歳,85.0,90.0,6447
京都府,女性,70～74歳,0.0,85.0,23187
大阪府,女性,70～74歳,90.0,inf,22463
大阪府,女性,70～74歳,85.0,90.0,19400
大阪府,女性,70～74歳,0.0,85.0,68620
兵庫県,女性,70～74歳,90.0,inf,15006
兵庫県,女性,70～74歳,85.0,90.0,13975
兵庫県,女性,70～74歳,0.0,85.0,51693
奈良県,女性,70～74歳,90.0,inf,4378
奈良県,女性,70～74歳,85.0,90.0,4165
奈良県,女性,70～74歳,0.0,85.0,14423
和歌山県,女性,70～74歳,90.0,inf,3215
和歌山県,女性,70～74歳,85.0,90.0,2790
和歌山県,女性,70～74歳,0.0,85.0,10393
鳥取県,女性,70～74歳,90.0,inf,1823
鳥取県,女性,70～74歳,85.0,90.0,1578
鳥取県,女性,70～74歳,0.0,85.0,5736
島根県,女性,70～74歳,90.0,inf,3213
島根県,女性,70～74歳,85.0,90.0,2671
島根県,女性,70～74歳,0.0,85.0,8905
岡山県,女性,70～74歳,90.0,inf,5848
岡山県,女性,70～74歳,85.0,90.0,4916
岡山県,女性,70～74歳,0.0,85.0,16221
広島県,女性,70～74歳,90.0,inf,7281
広島県,女性,70～74歳,85.0,90.0,6315
広島県,女性,70～74歳,0.0,85.0,21569
山口県,女性,70～74歳,90.0,inf,4612
山口県,女性,70～74歳,85.0,90.0,4086
山口県,女性,70～74歳,0.0,85.0,13717
徳島県,女性,70～74歳,90.0,inf,2967
徳島県,女性,70～74歳,85.0,90.0,2431
徳島県,女性,70～74歳,0.0,85.0,8712
香川県,女性,70～74歳,90.0,inf,4351
香川県,女性,70～74歳,85.0,90.0,3625
香川県,女性,70～74歳,0.0,85.0,12119
愛媛県,女性,70～74歳,90.0,inf,3812
愛媛県,女性,70～74歳,85.0,90.0,3458
愛媛県,女性,70～74歳,0.0,85.0,12483
高知県,女性,70～74歳,90.0,inf,2811
高知県,女性,70～74歳,85.0,90.0,2252
高知県,女性,70～74歳,0.0,85.0,7608
福岡県,女性,70～74歳,90.0,inf,15903
福岡県,女性,70～74歳,85.0,90.0,13755
福岡県,女性,70～74歳,0.0,85.0,41003
佐賀県,女性,70～74歳,90.0,inf,3571
佐賀県,女性,70～74歳,85.0,90.0,2774
佐賀県,女性,70～74歳,0.0,85.0,7704
長崎県,女性,70～74歳,90.0,inf,5693
長崎県,女性,70～74歳,85.0,90.0,4572
長崎県,女性,70～74歳,0.0,85.0,14051
熊本県,女性,70～74歳,90.0,inf,6227
熊本県,女性,70～74歳,85.0,90.0,5500
熊本県,女性,70～74歳,0.0,85.0,16370
大分県,女性,70～74歳,90.0,inf,4760
大分県,女性,70～74歳,85.0,90.0,4003
大分県,女性,70～74歳,0.0,85.0,12223
宮崎県,女性,70～74歳,90.0,inf,4915
宮崎県,女性,70～74歳,85.0,90.0,3807
宮崎県,女性,70～74歳,0.0,85.0,11088
鹿児島県,女性,70～74歳,90.0,inf,7344
鹿児島県,女性,70～74歳,85.0,90.0,6216
鹿児島県,女性,70～74歳,0.0,85.0,17896
沖縄県,女性,70～74歳,90.0,inf,5308
沖縄県,女性,70～74歳,85.0,90.0,3457
沖縄県,女性,70～74歳,0.0,85.0,7824
